bench,seq,kernel,pass,ms,tflops,graph
bf16 dense,512,KohakuFA,fwd,0.0805296003818512,853.3443157565597,True
bf16 dense,512,KohakuFA,fwd+bwd,0.45405921936035154,529.7066072456937,True
bf16 dense,512,FA2 (SDPA flash),fwd,0.21902880668640137,313.7462956385934,True
bf16 dense,512,FA2 (SDPA flash),fwd+bwd,0.9775424003601074,246.043719932146,True
bf16 dense,512,cuDNN (SDPA),fwd,0.08693600296974183,790.460504147147,True
bf16 dense,512,cuDNN (SDPA),fwd+bwd,0.4975776195526123,483.37818889896505,True
bf16 dense,512,FA4,fwd,0.07985439896583557,860.559688958407,True
bf16 dense,512,FA4,fwd+bwd,0.5258543968200684,457.38548546984595,True
bf16 causal,512,KohakuFA,fwd,0.09992960095405579,343.83944336771077,True
bf16 causal,512,KohakuFA,fwd+bwd,0.5077119827270508,236.86477447717056,True
bf16 causal,512,FA2 (SDPA flash),fwd,0.20275359153747557,169.46549803360293,True
bf16 causal,512,FA2 (SDPA flash),fwd+bwd,0.7925136089324951,151.74387282760648,True
bf16 causal,512,cuDNN (SDPA),fwd,0.08831359744071961,389.0650971506843,True
bf16 causal,512,cuDNN (SDPA),fwd+bwd,0.44774398803710935,268.5889425678516,True
bf16 causal,512,FA4,fwd,0.10621119737625122,323.50391688252284,True
bf16 causal,512,FA4,fwd+bwd,0.4866015911102295,247.14075433583568,True
gqa 16/4,512,KohakuFA,fwd,0.08430240154266358,815.1544378154232,True
gqa 16/4,512,KohakuFA,fwd+bwd,0.39977920055389404,601.6275189973918,True
gqa 16/4,512,SDPA (enable_gqa),fwd,0.08469600081443787,811.366251950418,True
gqa 16/4,512,SDPA (enable_gqa),fwd+bwd,0.47709121704101565,504.13455537439205,True
gqa 16/4,512,FA4,fwd,0.07914720177650451,868.2489739820459,True
gqa 16/4,512,FA4,fwd+bwd,0.5211008071899415,461.55785072182977,True
key padding,512,KohakuFA (mask),fwd,0.6797023773193359,74.80546182658404,True
key padding,512,KohakuFA (mask),fwd+bwd,1.1559887886047364,153.94533026119944,True
key padding,512,cuDNN (SDPA),fwd,0.26330718994140623,193.10315928446406,True
key padding,512,cuDNN (SDPA),fwd+bwd,0.9488479614257812,187.5527830323741,True
key padding,512,mem-efficient (SDPA),fwd,0.7517151832580566,67.63924871069851,True
key padding,512,mem-efficient (SDPA),fwd+bwd,2.5312591552734376,70.30456580048443,True
key padding,512,flex,fwd,0.32240478992462157,157.70686983865127,True
key padding,512,flex,fwd+bwd,1.2100159645080566,147.07167596119356,True
varlen,512,KohakuFA (varlen),fwd,0.11694400310516358,410.2452954415896,True
varlen,512,KohakuFA (varlen),fwd+bwd,0.6029600143432617,278.4845443638439,True
varlen,512,FA4 (varlen),fwd,0.18326239585876464,261.78707791735735,True
varlen,512,FA4 (varlen),fwd+bwd,0.7411808013916016,226.55072088852228,True
bf16 dense,1024,KohakuFA,fwd,0.14207359552383422,967.3785826652306,True
bf16 dense,1024,KohakuFA,fwd+bwd,0.6730800151824952,714.6792748282305,True
bf16 dense,1024,FA2 (SDPA flash),fwd,0.39711999893188477,346.0892270388376,True
bf16 dense,1024,FA2 (SDPA flash),fwd+bwd,1.6454816818237306,292.3377041905777,True
bf16 dense,1024,cuDNN (SDPA),fwd,0.14649120569229127,938.2061730087349,True
bf16 dense,1024,cuDNN (SDPA),fwd+bwd,0.7278528213500977,660.8978120875089,True
bf16 dense,1024,FA4,fwd,0.1400704026222229,981.2133819782039,True
bf16 dense,1024,FA4,fwd+bwd,0.76321439743042,630.2768118258076,True
bf16 causal,1024,KohakuFA,fwd,0.12933119535446166,531.3449438680173,True
bf16 causal,1024,KohakuFA,fwd+bwd,0.6066304206848144,396.4822079058997,True
bf16 causal,1024,FA2 (SDPA flash),fwd,0.28319358825683594,242.65901342962766,True
bf16 causal,1024,FA2 (SDPA flash),fwd+bwd,1.130731201171875,212.7102960692427,True
bf16 causal,1024,cuDNN (SDPA),fwd,0.11524959802627563,596.2665199086658,True
bf16 causal,1024,cuDNN (SDPA),fwd+bwd,0.5599023818969726,429.5716116818693,True
bf16 causal,1024,FA4,fwd,0.13192640542984008,520.8925120949026,True
bf16 causal,1024,FA4,fwd+bwd,0.5969136238098145,402.9363026444051,True
gqa 16/4,1024,KohakuFA,fwd,0.14570399522781372,943.275119238213,True
gqa 16/4,1024,KohakuFA,fwd+bwd,0.625764799118042,768.7174763265313,True
gqa 16/4,1024,SDPA (enable_gqa),fwd,0.14767520427703856,930.6840247477473,True
gqa 16/4,1024,SDPA (enable_gqa),fwd+bwd,0.7169487953186036,670.9493624830392,True
gqa 16/4,1024,FA4,fwd,0.1473296046257019,932.8671845768569,True
gqa 16/4,1024,FA4,fwd+bwd,0.7384880065917969,651.3800262945846,True
key padding,1024,KohakuFA (mask),fwd,1.3023679733276368,77.47930515688053,True
key padding,1024,KohakuFA (mask),fwd+bwd,2.0975648880004885,168.37285069577203,True
key padding,1024,cuDNN (SDPA),fwd,0.5009232044219971,201.44118847206047,True
key padding,1024,cuDNN (SDPA),fwd+bwd,1.563468837738037,225.89064213326841,True
key padding,1024,mem-efficient (SDPA),fwd,1.4555423736572266,69.32574925899274,True
key padding,1024,mem-efficient (SDPA),fwd+bwd,4.811735916137695,73.39824667590786,True
key padding,1024,flex,fwd,0.4378223896026611,230.47374466978764,True
key padding,1024,flex,fwd+bwd,1.5737248420715333,224.4185071432879,True
varlen,1024,KohakuFA (varlen),fwd,0.15380799770355225,618.4118298927914,True
varlen,1024,KohakuFA (varlen),fwd+bwd,0.7412623882293701,449.11006396427007,True
varlen,1024,FA4 (varlen),fwd,0.20961759090423585,453.76289700540553,True
varlen,1024,FA4 (varlen),fwd+bwd,0.8479984283447266,392.5813863143939,True
bf16 dense,2048,KohakuFA,fwd,0.26663360595703123,1030.9199620857146,True
bf16 dense,2048,KohakuFA,fwd+bwd,1.1177408218383789,860.7296570967613,True
bf16 dense,2048,FA2 (SDPA flash),fwd,0.7672192096710205,358.2781863111407,True
bf16 dense,2048,FA2 (SDPA flash),fwd+bwd,2.9930192947387697,321.43884805392463,True
bf16 dense,2048,cuDNN (SDPA),fwd,0.26715199947357177,1028.919519545623,True
bf16 dense,2048,cuDNN (SDPA),fwd+bwd,1.215329647064209,791.6145850864538,True
bf16 dense,2048,FA4,fwd,0.2604720115661621,1055.3068841877418,True
bf16 dense,2048,FA4,fwd+bwd,1.2054112434387207,798.1281737172619,True
bf16 causal,2048,KohakuFA,fwd,0.20116159915924073,683.2265901962854,True
bf16 causal,2048,KohakuFA,fwd+bwd,0.8192048072814941,587.1991141608461,True
bf16 causal,2048,FA2 (SDPA flash),fwd,0.45752801895141604,300.39461580295995,True
bf16 causal,2048,FA2 (SDPA flash),fwd+bwd,1.8243824005126954,263.67078361248014,True
bf16 causal,2048,cuDNN (SDPA),fwd,0.16893919706344604,813.5409417175343,True
bf16 causal,2048,cuDNN (SDPA),fwd+bwd,0.7808559894561767,616.0371997492334,True
bf16 causal,2048,FA4,fwd,0.18840800523757933,729.475126593967,True
bf16 causal,2048,FA4,fwd+bwd,0.8159600257873535,589.5341952417683,True
gqa 16/4,2048,KohakuFA,fwd,0.2795680046081543,983.2237681464015,True
gqa 16/4,2048,KohakuFA,fwd+bwd,1.074886417388916,895.045893910391,True
gqa 16/4,2048,SDPA (enable_gqa),fwd,0.2732399940490723,1005.9944112523789,True
gqa 16/4,2048,SDPA (enable_gqa),fwd+bwd,1.2174320220947266,790.2475512748938,True
gqa 16/4,2048,FA4,fwd,0.26871678829193113,1022.9279260563932,True
gqa 16/4,2048,FA4,fwd+bwd,1.170587158203125,821.8718850297324,True
key padding,2048,KohakuFA (mask),fwd,2.553759956359863,75.14652453457043,True
key padding,2048,KohakuFA (mask),fwd+bwd,3.9144672393798827,171.5869892839885,True
key padding,2048,cuDNN (SDPA),fwd,0.9777919769287109,196.26483929514953,True
key padding,2048,cuDNN (SDPA),fwd+bwd,2.843177604675293,236.23977874316043,True
key padding,2048,mem-efficient (SDPA),fwd,2.8554031372070314,67.20808796326745,True
key padding,2048,mem-efficient (SDPA),fwd+bwd,9.383525085449218,71.57988518595674,True
key padding,2048,flex,fwd,0.663585615158081,289.19581864396446,True
key padding,2048,flex,fwd+bwd,2.30468635559082,291.4373344670637,True
varlen,2048,KohakuFA (varlen),fwd,0.23818719387054443,794.0496416393995,True
varlen,2048,KohakuFA (varlen),fwd+bwd,1.0401616096496582,636.4045640936115,True
varlen,2048,FA4 (varlen),fwd,0.30271201133728026,624.7933641631073,True
varlen,2048,FA4 (varlen),fwd+bwd,1.128889560699463,586.3847260363057,True
bf16 dense,4096,KohakuFA,fwd,0.5130799770355224,1071.4817153153851,True
bf16 dense,4096,KohakuFA,fwd+bwd,2.1223823547363283,906.5969401385472,True
bf16 dense,4096,FA2 (SDPA flash),fwd,1.490816020965576,368.76167559021303,True
bf16 dense,4096,FA2 (SDPA flash),fwd+bwd,5.6900382995605465,338.1603510044222,True
bf16 dense,4096,cuDNN (SDPA),fwd,0.5095712184906006,1078.8596253854957,True
bf16 dense,4096,cuDNN (SDPA),fwd+bwd,2.236523246765137,860.328794431735,True
bf16 dense,4096,FA4,fwd,0.5032495975494384,1092.4118301634467,True
bf16 dense,4096,FA4,fwd+bwd,2.277628707885742,844.8020267509402,True
bf16 causal,4096,KohakuFA,fwd,0.3158191919326782,870.3647972178794,True
bf16 causal,4096,KohakuFA,fwd+bwd,1.3492223739624023,713.0571600873922,True
bf16 causal,4096,FA2 (SDPA flash),fwd,0.8331952095031738,329.90817014887426,True
bf16 causal,4096,FA2 (SDPA flash),fwd+bwd,3.247977447509766,296.2066978148583,True
bf16 causal,4096,cuDNN (SDPA),fwd,0.27784640789031984,989.3160362631297,True
bf16 causal,4096,cuDNN (SDPA),fwd+bwd,1.2344559669494628,779.3495272913093,True
bf16 causal,4096,FA4,fwd,0.2939136028289795,935.2337023473668,True
bf16 causal,4096,FA4,fwd+bwd,1.3073247909545898,735.9094549117425,True
gqa 16/4,4096,KohakuFA,fwd,0.5141151905059814,1069.3241982345276,True
gqa 16/4,4096,KohakuFA,fwd+bwd,2.1629552841186523,889.5909049696508,True
gqa 16/4,4096,SDPA (enable_gqa),fwd,0.5107471942901611,1076.375592531748,True
gqa 16/4,4096,SDPA (enable_gqa),fwd+bwd,2.235568046569824,860.6963905931381,True
gqa 16/4,4096,FA4,fwd,0.52292799949646,1051.3030750263385,True
gqa 16/4,4096,FA4,fwd+bwd,2.237392044067383,859.9947218503879,True
key padding,4096,KohakuFA (mask),fwd,5.048073577880859,75.28366830808689,True
key padding,4096,KohakuFA (mask),fwd+bwd,7.546886444091797,176.24900662886148,True
key padding,4096,cuDNN (SDPA),fwd,1.936617660522461,196.23775233438357,True
key padding,4096,cuDNN (SDPA),fwd+bwd,5.431878280639649,244.87500827344863,True
key padding,4096,mem-efficient (SDPA),fwd,5.650886535644531,67.25272122078691,True
key padding,4096,mem-efficient (SDPA),fwd+bwd,18.63866271972656,71.36409188327829,True
key padding,4096,flex,fwd,1.1149295806884765,340.8623319486459,True
key padding,4096,flex,fwd+bwd,3.85609130859375,344.94287932125656,True
varlen,4096,KohakuFA (varlen),fwd,0.4528848171234131,948.9597566678548,True
varlen,4096,KohakuFA (varlen),fwd+bwd,1.9147743225097655,785.5720190170497,True
varlen,4096,FA4 (varlen),fwd,0.5674799919128418,757.3297243614669,True
varlen,4096,FA4 (varlen),fwd+bwd,2.0491647720336914,734.0518200511349,True
bf16 dense,8192,KohakuFA,fwd,1.0846544265747071,1013.6976357052368,True
bf16 dense,8192,KohakuFA,fwd+bwd,4.347700881958008,885.1323496484201,True
bf16 dense,8192,FA2 (SDPA flash),fwd,2.9487024307250977,372.87981870236587,True
bf16 dense,8192,FA2 (SDPA flash),fwd+bwd,11.059976196289062,347.9474665150917,True
bf16 dense,8192,cuDNN (SDPA),fwd,0.9983584403991699,1101.319509390221,True
bf16 dense,8192,cuDNN (SDPA),fwd+bwd,4.3421985626220705,886.2539659844988,True
bf16 dense,8192,FA4,fwd,1.0415424346923827,1055.6570631716397,True
bf16 dense,8192,FA4,fwd+bwd,4.249684906005859,905.5473011134098,True
bf16 causal,8192,KohakuFA,fwd,0.6081247806549073,904.0181084151051,True
bf16 causal,8192,KohakuFA,fwd+bwd,2.416219139099121,796.3455455970815,True
bf16 causal,8192,FA2 (SDPA flash),fwd,1.5989839553833007,343.8157162472685,True
bf16 causal,8192,FA2 (SDPA flash),fwd+bwd,6.080742263793946,316.432643439729,True
bf16 causal,8192,cuDNN (SDPA),fwd,0.4940688133239746,1112.7110213441258,True
bf16 causal,8192,cuDNN (SDPA),fwd+bwd,2.214059257507324,869.0577463469876,True
bf16 causal,8192,FA4,fwd,0.5032896041870117,1092.3249940281348,True
bf16 causal,8192,FA4,fwd+bwd,2.337812805175781,823.0536441361149,True
gqa 16/4,8192,KohakuFA,fwd,1.0915679931640625,1007.2772696356841,True
gqa 16/4,8192,KohakuFA,fwd+bwd,4.34705924987793,885.262996432373,True
gqa 16/4,8192,SDPA (enable_gqa),fwd,1.0045536041259766,1094.5275824605126,True
gqa 16/4,8192,SDPA (enable_gqa),fwd+bwd,4.419468688964844,870.7586744137271,True
gqa 16/4,8192,FA4,fwd,1.0594592094421387,1037.8045874507534,True
gqa 16/4,8192,FA4,fwd+bwd,4.222139358520508,911.45515825998,True
key padding,8192,KohakuFA (mask),fwd,10.086116790771484,70.67441000288832,True
key padding,8192,KohakuFA (mask),fwd+bwd,14.874237060546875,167.73339209078537,True
key padding,8192,cuDNN (SDPA),fwd,3.917044830322266,181.98166839702816,True
key padding,8192,cuDNN (SDPA),fwd+bwd,12.478485107421875,199.9366281604243,True
key padding,8192,mem-efficient (SDPA),fwd,11.50347671508789,61.966514216789434,True
key padding,8192,mem-efficient (SDPA),fwd+bwd,38.109982299804685,65.46595108076937,True
key padding,8192,flex,fwd,1.9204191207885741,371.18478236943054,True
key padding,8192,flex,fwd+bwd,6.594516754150391,378.3304114524815,True
varlen,8192,KohakuFA (varlen),fwd,0.8471648216247558,1033.0618605450668,True
varlen,8192,KohakuFA (varlen),fwd+bwd,3.8009166717529297,805.8866053602111,True
varlen,8192,FA4 (varlen),fwd,1.0227375984191895,855.7167235943275,True
varlen,8192,FA4 (varlen),fwd+bwd,3.747087860107422,817.4635739040789,True
bf16 dense,16384,KohakuFA,fwd,2.176919937133789,1010.153482469049,True
bf16 dense,16384,KohakuFA,fwd+bwd,8.377788543701172,918.6889063007759,True
bf16 dense,16384,FA2 (SDPA flash),fwd,5.860294342041016,375.24109322913756,True
bf16 dense,16384,FA2 (SDPA flash),fwd+bwd,21.78346405029297,353.32219782227367,True
bf16 dense,16384,cuDNN (SDPA),fwd,2.1038848876953127,1045.220329502393,True
bf16 dense,16384,cuDNN (SDPA),fwd+bwd,8.469220733642578,908.770905433909,True
bf16 dense,16384,FA4,fwd,2.090678405761719,1051.8228195650238,True
bf16 dense,16384,FA4,fwd+bwd,8.214513397216797,936.9491559950125,True
bf16 causal,16384,KohakuFA,fwd,1.1860688209533692,927.0217784598755,True
bf16 causal,16384,KohakuFA,fwd+bwd,4.529553604125977,849.5960161969574,True
bf16 causal,16384,FA2 (SDPA flash),fwd,3.132129669189453,351.04281875422373,True
bf16 causal,16384,FA2 (SDPA flash),fwd+bwd,11.701329803466797,328.87635523920136,True
bf16 causal,16384,cuDNN (SDPA),fwd,0.932369613647461,1179.265831577966,True
bf16 causal,16384,cuDNN (SDPA),fwd+bwd,4.303128051757812,894.3007623591371,True
bf16 causal,16384,FA4,fwd,0.9137935638427734,1203.238533605147,True
bf16 causal,16384,FA4,fwd+bwd,4.2659423828125,902.0962666351941,True
gqa 16/4,16384,KohakuFA,fwd,2.275161552429199,966.5349931762403,True
gqa 16/4,16384,KohakuFA,fwd+bwd,8.574091339111328,897.655633702372,True
gqa 16/4,16384,SDPA (enable_gqa),fwd,2.178396797180176,1009.4686415250537,True
gqa 16/4,16384,SDPA (enable_gqa),fwd+bwd,8.597711944580078,895.1894927445036,True
gqa 16/4,16384,FA4,fwd,2.102547264099121,1045.8852902382748,True
gqa 16/4,16384,FA4,fwd+bwd,7.965545654296875,966.2340445290415,True
key padding,16384,KohakuFA (mask),fwd,19.95005645751953,81.07198767622418,True
key padding,16384,KohakuFA (mask),fwd+bwd,29.315106201171876,193.1041122818005,True
key padding,16384,cuDNN (SDPA),fwd,7.89078369140625,204.97212881725287,True
key padding,16384,cuDNN (SDPA),fwd+bwd,25.61026611328125,221.03899796997135,True
key padding,16384,mem-efficient (SDPA),fwd,23.157554626464844,69.84289824002481,True
key padding,16384,mem-efficient (SDPA),fwd+bwd,78.5678466796875,72.05068992793879,True
key padding,16384,flex,fwd,4.156734466552734,389.1012871470079,True
key padding,16384,flex,fwd+bwd,13.81573944091797,409.74046909557745,True
varlen,16384,KohakuFA (varlen),fwd,2.2927120208740233,959.6517142808202,True
varlen,16384,KohakuFA (varlen),fwd+bwd,9.535982513427735,807.5431727460201,True
varlen,16384,FA4 (varlen),fwd,2.393398475646973,919.2806979578485,True
varlen,16384,FA4 (varlen),fwd+bwd,8.944868469238282,860.908978217739,True
