mode,dim,kernel,pass,ms,tflops
dense,64,KohakuFA,fwd,0.3243904113769531,847.3675463378052
dense,64,KohakuFA,fwd+bwd,1.0954768180847168,878.2227596436458
dense,64,FA2 (SDPA flash),fwd,0.7557168006896973,363.73136959921425
dense,64,FA2 (SDPA flash),fwd+bwd,2.8603647232055662,336.3461542155436
dense,64,cuDNN (SDPA),fwd,0.2613039970397949,1051.946813129452
dense,64,cuDNN (SDPA),fwd+bwd,1.1077168464660645,868.518590624751
dense,64,mem-efficient (SDPA),fwd,1.8469871520996093,148.82502384032588
dense,64,mem-efficient (SDPA),fwd+bwd,7.913633728027344,121.57154442170763
dense,64,flex,fwd,0.6763599872589111,406.40770022188866
dense,64,flex,fwd+bwd,2.3600143432617187,407.6554352522886
dense,64,FA4,fwd,0.252728009223938,1087.6432247778098
dense,64,FA4,fwd+bwd,1.0893471717834473,883.1644302421263
dense,128,KohakuFA,fwd,0.42371039390563964,1297.4801227331484
dense,128,KohakuFA,fwd+bwd,2.0258352279663088,949.8034795947383
dense,128,FA2 (SDPA flash),fwd,1.3444016456604004,408.9223006105051
dense,128,FA2 (SDPA flash),fwd+bwd,5.082966232299805,378.54773387652705
dense,128,cuDNN (SDPA),fwd,0.3387840032577515,1622.732503900836
dense,128,cuDNN (SDPA),fwd+bwd,1.7254928588867187,1115.1279697845005
dense,128,mem-efficient (SDPA),fwd,3.150815963745117,174.4804584633849
dense,128,mem-efficient (SDPA),fwd+bwd,12.685173034667969,151.6845961304117
dense,128,flex,fwd,0.926318359375,593.4847434729978
dense,128,flex,fwd+bwd,3.341175842285156,575.8886809417382
dense,128,FA4,fwd,0.3263168096542358,1684.7302916160506
dense,128,FA4,fwd+bwd,1.6505823135375977,1165.737287275356
dense,192,KohakuFA,fwd,0.5565599918365478,1481.6618746001795
dense,192,KohakuFA,fwd+bwd,4.342884826660156,664.5854398887229
dense,192,FA2 (SDPA flash),fwd,2.4627216339111326,334.84650050455394
dense,192,FA2 (SDPA flash),fwd+bwd,9.364806365966796,308.1983663219111
dense,192,cuDNN (SDPA),fwd,,
dense,192,cuDNN (SDPA),fwd+bwd,,
dense,192,mem-efficient (SDPA),fwd,5.532863998413086,149.04283225984196
dense,192,mem-efficient (SDPA),fwd+bwd,48.20889892578125,59.86898865612761
dense,192,flex,fwd,2.4660640716552735,334.3926584512821
dense,192,flex,fwd+bwd,12.065392303466798,239.21460241973992
dense,192,FA4,fwd,,
dense,192,FA4,fwd+bwd,,
dense,256,KohakuFA,fwd,0.7164175987243653,1534.7356482221571
dense,256,KohakuFA,fwd+bwd,5.243447875976562,733.9237059735772
dense,256,FA2 (SDPA flash),fwd,2.664628791809082,412.6321952070159
dense,256,FA2 (SDPA flash),fwd+bwd,12.155760192871094,316.58165644571375
dense,256,cuDNN (SDPA),fwd,,
dense,256,cuDNN (SDPA),fwd+bwd,,
dense,256,mem-efficient (SDPA),fwd,6.2323249816894535,176.4207789238143
dense,256,mem-efficient (SDPA),fwd+bwd,56.907110595703124,67.62407468824419
dense,256,flex,fwd,3.3814208984375,325.16260495227516
dense,256,flex,fwd+bwd,15.152500915527344,253.97066257706078
dense,256,FA4,fwd,0.7326144218444824,1500.8053281394473
dense,256,FA4,fwd+bwd,4.394606399536133,875.6849527234571
dense,320,KohakuFA,fwd,1.061899185180664,1294.2749687543749
dense,320,KohakuFA,fwd+bwd,8.507398223876953,565.4329613981374
dense,320,FA2 (SDPA flash),fwd,,
dense,320,FA2 (SDPA flash),fwd+bwd,,
dense,320,cuDNN (SDPA),fwd,,
dense,320,cuDNN (SDPA),fwd+bwd,,
dense,320,mem-efficient (SDPA),fwd,8.179821014404297,168.02195699634035
dense,320,mem-efficient (SDPA),fwd+bwd,74.34961547851563,64.69923671508458
dense,320,flex,fwd,,
dense,320,flex,fwd+bwd,,
dense,320,FA4,fwd,,
dense,320,FA4,fwd+bwd,,
dense,384,KohakuFA,fwd,1.377291202545166,1197.4718480857464
dense,384,KohakuFA,fwd+bwd,9.906120300292969,582.7141071215623
dense,384,FA2 (SDPA flash),fwd,,
dense,384,FA2 (SDPA flash),fwd+bwd,,
dense,384,cuDNN (SDPA),fwd,,
dense,384,cuDNN (SDPA),fwd+bwd,,
dense,384,mem-efficient (SDPA),fwd,8.858811187744141,186.17254693786728
dense,384,mem-efficient (SDPA),fwd+bwd,83.80360107421875,68.88052508282757
dense,384,flex,fwd,,
dense,384,flex,fwd+bwd,,
dense,384,FA4,fwd,,
dense,384,FA4,fwd+bwd,,
dense,448,KohakuFA,fwd,2.693961524963379,714.2438118651886
dense,448,KohakuFA,fwd+bwd,14.868772888183594,452.929691695002
dense,448,FA2 (SDPA flash),fwd,,
dense,448,FA2 (SDPA flash),fwd+bwd,,
dense,448,cuDNN (SDPA),fwd,,
dense,448,cuDNN (SDPA),fwd+bwd,,
dense,448,mem-efficient (SDPA),fwd,10.800897979736328,178.1467941108145
dense,448,mem-efficient (SDPA),fwd+bwd,103.1397705078125,65.2949748382258
dense,448,flex,fwd,,
dense,448,flex,fwd+bwd,,
dense,448,FA4,fwd,,
dense,448,FA4,fwd+bwd,,
dense,512,KohakuFA,fwd,2.669345664978027,823.8061051452853
dense,512,KohakuFA,fwd+bwd,15.360012817382813,501.07909973368226
dense,512,FA2 (SDPA flash),fwd,,
dense,512,FA2 (SDPA flash),fwd+bwd,,
dense,512,cuDNN (SDPA),fwd,,
dense,512,cuDNN (SDPA),fwd+bwd,,
dense,512,mem-efficient (SDPA),fwd,11.467534637451172,191.76076855877415
dense,512,mem-efficient (SDPA),fwd+bwd,114.22835693359374,67.37890311165361
dense,512,flex,fwd,,
dense,512,flex,fwd+bwd,,
dense,512,FA4,fwd,,
dense,512,FA4,fwd+bwd,,
causal,64,KohakuFA,fwd,0.19246079921722412,714.1140119494007
causal,64,KohakuFA,fwd+bwd,0.7130159854888916,674.6501438143343
causal,64,FA2 (SDPA flash),fwd,0.44320001602172854,310.10593073909513
causal,64,FA2 (SDPA flash),fwd+bwd,1.6988752365112305,283.1498904768573
causal,64,cuDNN (SDPA),fwd,0.1449903964996338,947.917633098873
causal,64,cuDNN (SDPA),fwd+bwd,0.6303664207458496,763.1059036787489
causal,64,mem-efficient (SDPA),fwd,1.0408080101013184,132.0502457111383
causal,64,mem-efficient (SDPA),fwd+bwd,4.554860687255859,105.60945112940594
causal,64,flex,fwd,0.7766831874847412,176.95626181518207
causal,64,flex,fwd+bwd,2.033473587036133,236.55893059969824
causal,64,FA4,fwd,0.14248000383377074,964.6192432191955
causal,64,FA4,fwd+bwd,0.6498383998870849,740.2399384763723
causal,128,KohakuFA,fwd,0.261081600189209,1052.8428918192344
causal,128,KohakuFA,fwd+bwd,1.231876754760742,780.9812715321964
causal,128,FA2 (SDPA flash),fwd,0.7958687782287598,345.3809402546895
causal,128,FA2 (SDPA flash),fwd+bwd,3.219019317626953,298.8713578187644
causal,128,cuDNN (SDPA),fwd,0.1987056016921997,1383.342515777654
causal,128,cuDNN (SDPA),fwd+bwd,0.9200863838195801,1045.6329875354975
causal,128,mem-efficient (SDPA),fwd,1.7295808792114258,158.92746632890976
causal,128,mem-efficient (SDPA),fwd+bwd,7.206246185302734,133.50538540664405
causal,128,flex,fwd,0.8303808212280274,331.0263193910122
causal,128,flex,fwd+bwd,2.509204864501953,383.4173478278187
causal,128,FA4,fwd,0.20570080280303954,1336.2996313008957
causal,128,FA4,fwd+bwd,0.951473617553711,1011.1396223234648
causal,192,KohakuFA,fwd,0.36688480377197263,1123.8319390090205
causal,192,KohakuFA,fwd+bwd,2.423897552490234,595.3671639188696
causal,192,FA2 (SDPA flash),fwd,1.2508064270019532,329.64082332410027
causal,192,FA2 (SDPA flash),fwd+bwd,5.034388732910156,286.65029420995916
causal,192,cuDNN (SDPA),fwd,,
causal,192,cuDNN (SDPA),fwd+bwd,,
causal,192,mem-efficient (SDPA),fwd,2.9516992568969727,139.6879642980483
causal,192,mem-efficient (SDPA),fwd+bwd,24.573574829101563,58.72605111353111
causal,192,flex,fwd,1.578431987762451,261.21927559291987
causal,192,flex,fwd+bwd,6.941913604736328,207.88345888825174
causal,192,FA4,fwd,,
causal,192,FA4,fwd+bwd,,
causal,256,KohakuFA,fwd,0.47754721641540526,1151.2072419029294
causal,256,KohakuFA,fwd+bwd,3.1527807235717775,610.3010381350405
causal,256,FA2 (SDPA flash),fwd,1.4674832344055175,374.624936761685
causal,256,FA2 (SDPA flash),fwd+bwd,6.53768310546875,294.3160929593634
causal,256,cuDNN (SDPA),fwd,,
causal,256,cuDNN (SDPA),fwd+bwd,,
causal,256,mem-efficient (SDPA),fwd,3.3245006561279298,165.36492867723015
causal,256,mem-efficient (SDPA),fwd+bwd,29.374371337890626,65.5042222512522
causal,256,flex,fwd,2.1603055953979493,254.48057675688688
causal,256,flex,fwd+bwd,8.53846435546875,225.3502817957676
causal,256,FA4,fwd,0.4388879776000977,1252.6107844059513
causal,256,FA4,fwd+bwd,2.687772750854492,715.8884053706844
causal,320,KohakuFA,fwd,0.7012832164764404,979.9104715677825
causal,320,KohakuFA,fwd+bwd,5.186316680908203,463.75526866955914
causal,320,FA2 (SDPA flash),fwd,,
causal,320,FA2 (SDPA flash),fwd+bwd,,
causal,320,cuDNN (SDPA),fwd,,
causal,320,cuDNN (SDPA),fwd+bwd,,
causal,320,mem-efficient (SDPA),fwd,4.35504150390625,157.79293187989632
causal,320,mem-efficient (SDPA),fwd+bwd,38.566864013671875,62.36394239644084
causal,320,flex,fwd,,
causal,320,flex,fwd+bwd,,
causal,320,FA4,fwd,,
causal,320,FA4,fwd+bwd,,
causal,384,KohakuFA,fwd,0.853172779083252,966.549497416083
causal,384,KohakuFA,fwd+bwd,6.220008087158203,464.0215868643115
causal,384,FA2 (SDPA flash),fwd,,
causal,384,FA2 (SDPA flash),fwd+bwd,,
causal,384,cuDNN (SDPA),fwd,,
causal,384,cuDNN (SDPA),fwd+bwd,,
causal,384,mem-efficient (SDPA),fwd,4.726472091674805,174.47129800776938
causal,384,mem-efficient (SDPA),fwd+bwd,43.620489501953124,66.16656658066087
causal,384,flex,fwd,,
causal,384,flex,fwd+bwd,,
causal,384,FA4,fwd,,
causal,384,FA4,fwd+bwd,,
causal,448,KohakuFA,fwd,1.6249839782714843,592.0505599860552
causal,448,KohakuFA,fwd+bwd,8.376302337646484,401.9977102462264
causal,448,FA2 (SDPA flash),fwd,,
causal,448,FA2 (SDPA flash),fwd+bwd,,
causal,448,cuDNN (SDPA),fwd,,
causal,448,cuDNN (SDPA),fwd+bwd,,
causal,448,mem-efficient (SDPA),fwd,5.768227386474609,166.7882713084225
causal,448,mem-efficient (SDPA),fwd+bwd,54.537750244140625,61.741717342397486
causal,448,flex,fwd,,
causal,448,flex,fwd+bwd,,
causal,448,FA4,fwd,,
causal,448,FA4,fwd+bwd,,
causal,512,KohakuFA,fwd,1.821054458618164,603.7774557331588
causal,512,KohakuFA,fwd+bwd,9.133614349365235,421.33273313465963
causal,512,FA2 (SDPA flash),fwd,,
causal,512,FA2 (SDPA flash),fwd+bwd,,
causal,512,cuDNN (SDPA),fwd,,
causal,512,cuDNN (SDPA),fwd+bwd,,
causal,512,mem-efficient (SDPA),fwd,6.121614456176758,179.61138122094312
causal,512,mem-efficient (SDPA),fwd+bwd,59.7518798828125,64.40451254024816
causal,512,flex,fwd,,
causal,512,flex,fwd+bwd,,
causal,512,FA4,fwd,,
causal,512,FA4,fwd+bwd,,
