mode,scale,kernel,tensor,cos,norm_ratio,rel_err,max_abs_err,max_rel_err
dense,10.0,KohakuFA,out,0.9999999603578742,0.9999995186711278,0.0002815749367807478,0.0002382952779289571,0.0004869390410563693
dense,10.0,KohakuFA,dq,0.9999984435849637,1.0000005872853577,0.0017643220356468555,0.0007986884294412105,0.0039137321771139
dense,10.0,KohakuFA,dk,0.9999999355020397,0.9999987506934447,0.00035916196967017194,0.0010663951015974504,0.00043106860156491924
dense,10.0,KohakuFA,dv,0.9999999571651098,0.9999997666019036,0.00029269406487462886,0.0005515463844625312,0.0004767086592037722
dense,10.0,FA2 (SDPA flash),out,0.9999999603959252,0.9999996894066049,0.0002814395522512291,0.00021448699857495868,0.00043828855658770757
dense,10.0,FA2 (SDPA flash),dq,0.9999988684458044,0.9999972474243704,0.0015043635659844567,0.0006379790943122497,0.0031262244671338693
dense,10.0,FA2 (SDPA flash),dk,0.9999999570672882,0.9999990666216008,0.00029302937494706525,0.0008867298984025496,0.0003584425853959716
dense,10.0,FA2 (SDPA flash),dv,0.9999999571482132,0.9999998121296693,0.0002927517600667757,0.0005515463844625312,0.0004767086592037722
dense,10.0,cuDNN (SDPA),out,0.9999999575457975,0.9999999589662226,0.00029139046468452327,0.0002298612732455907,0.00046970476688830225
dense,10.0,cuDNN (SDPA),dq,0.9999988024509334,0.9999986394750742,0.0015476100043269737,0.0006114752151473168,0.0029963501871487328
dense,10.0,cuDNN (SDPA),dk,0.9999999568456517,1.0000009641883296,0.0002937851421159651,0.0010663951015974504,0.00043106860156491924
dense,10.0,cuDNN (SDPA),dv,0.9999999571386073,0.999998266410824,0.00029278941608828514,0.0005515463844625312,0.0004767086592037722
dense,10.0,mem-efficient (SDPA),out,0.9999999606634804,0.9999984326564046,0.00028049130556564875,0.00021715312868259007,0.00044373659923976796
dense,10.0,mem-efficient (SDPA),dq,0.9999984701695726,1.000000195497025,0.001749188809576099,0.0009440717850525901,0.00462613953885712
dense,10.0,mem-efficient (SDPA),dk,0.9999999356219273,0.9999970081553045,0.00035883800184456193,0.0010517127749098965,0.0004251335686456548
dense,10.0,mem-efficient (SDPA),dv,0.999999957176134,0.9999986253883545,0.00029265936532627966,0.0005515463844625312,0.0004767086592037722
dense,10.0,FA4,out,0.9999999580197093,0.9999992937966019,0.0002897602813949651,0.00021973946804049183,0.0004490215953073715
dense,10.0,FA4,dq,0.9999988097019804,1.0000004054887286,0.0015429183934408458,0.0007825721062145949,0.003834758987489877
dense,10.0,FA4,dk,0.9999999568977633,1.0000007695754818,0.00029360710416559643,0.0008867298984025496,0.0003584425853959716
dense,10.0,FA4,dv,0.9999999571663555,0.9999999364456252,0.0002926897467756063,0.0005515463844625312,0.0004767086592037722
dense,100.0,KohakuFA,out,0.9999999764327291,0.9999999299943876,0.00021710491412553967,0.0011839965277418152,0.0003330922666547697
dense,100.0,KohakuFA,dq,0.9999973910057806,1.0000039573174213,0.0022842996188332074,0.008881447112703222,0.0028695287188015587
dense,100.0,KohakuFA,dk,0.9999999012549636,0.9999717466667429,0.0004452895062139938,0.04597788729203767,0.0008759763476084407
dense,100.0,KohakuFA,dv,0.9999999596649484,1.0000088854384257,0.0002841650420717897,0.008260012393268568,0.00032370559240602965
dense,100.0,FA2 (SDPA flash),out,0.9999999764571428,0.9999998710991175,0.00021699245448857153,0.001091721922936717,0.0003071327671553712
dense,100.0,FA2 (SDPA flash),dq,0.9999978436189142,1.0000063726059913,0.002076735482782955,0.007755601143633606,0.002505776359507384
dense,100.0,FA2 (SDPA flash),dk,0.9999999136773229,1.0000065234158177,0.0004155587032069089,0.04597788729203767,0.0008759763476084407
dense,100.0,FA2 (SDPA flash),dv,0.9999999596782309,1.0000094754970594,0.00028413744435666936,0.008260012393268568,0.00032370559240602965
dense,100.0,cuDNN (SDPA),out,0.9999999629597351,0.9999995140339135,0.00027217775481772386,0.002031597586695355,0.0005715468155750205
dense,100.0,cuDNN (SDPA),dq,0.9999968519481603,1.0000032326956054,0.0025092099321031287,0.014754287496537233,0.004766999246802032
dense,100.0,cuDNN (SDPA),dk,0.9999998982473773,1.0000001615252103,0.0004511156220784717,0.047028629353333073,0.0008959952142276451
dense,100.0,cuDNN (SDPA),dv,0.999999959372313,1.0000108441918198,0.000285261024219826,0.007702538919730273,0.0003018584967346693
dense,100.0,mem-efficient (SDPA),out,0.9999999765292744,0.9999995219690924,0.00021666023461569843,0.0011839965277418152,0.0003330922666547697
dense,100.0,mem-efficient (SDPA),dq,0.9999974070943871,1.0000047555421956,0.0022772480106774615,0.008701396797053777,0.0028113558169051566
dense,100.0,mem-efficient (SDPA),dk,0.999999902320684,0.999982046234848,0.0004423544530791986,0.04597788729203767,0.0008759763476084407
dense,100.0,mem-efficient (SDPA),dv,0.9999999598992925,1.00000757994921,0.00028330103852799657,0.008260012393268568,0.00032370559240602965
dense,100.0,FA4,out,0.9999999638871185,0.9999980580442622,0.00026875526812386374,0.0020846594504102534,0.0005864746435234958
dense,100.0,FA4,dq,0.9999969941203751,1.0000107805162006,0.0024519258306493538,0.013019385033492994,0.004206465318169567
dense,100.0,FA4,dk,0.9999999100762154,1.0000199806913752,0.0004245590542690516,0.030841168542037667,0.000587589725552898
dense,100.0,FA4,dv,0.9999999596672868,1.0000093294606156,0.000284171106343631,0.008260012393268568,0.00032370559240602965
dense,1000.0,KohakuFA,out,0.9999999892738055,1.000008478536468,0.00014671215421995876,0.0019090497771045989,0.0004356411256134598
dense,1000.0,KohakuFA,dq,0.9999906804785745,1.000008908892326,0.00431732420287347,0.030778706801332767,0.002238029484732402
dense,1000.0,KohakuFA,dk,0.999999612267441,0.9999574571448997,0.0008816133064172686,0.11020643034418853,0.0009419503066591999
dense,1000.0,KohakuFA,dv,0.9999999721525915,1.0000062814109647,0.00023608181446586093,0.00933818106604889,0.0002968963953108779
dense,1000.0,FA2 (SDPA flash),out,0.9999999892669186,1.000008440688448,0.00014675690532187446,0.0019090497771045989,0.0004356411256134598
dense,1000.0,FA2 (SDPA flash),dq,0.9999910891942039,1.0000064162769813,0.004221583483661108,0.029404567284860655,0.002138110902257477
dense,1000.0,FA2 (SDPA flash),dk,0.9999996063076253,0.9999621554956536,0.0008881369024387022,0.09458143034418853,0.0008084011707731729
dense,1000.0,FA2 (SDPA flash),dv,0.9999999713395679,1.0000000523393988,0.00023941777263381366,0.008912541298158771,0.0002833636835446662
dense,1000.0,cuDNN (SDPA),out,0.9999999863124566,1.0000116300649322,0.0001658633876449522,0.002170350745855476,0.000495269454594576
dense,1000.0,cuDNN (SDPA),dq,0.9999888615233562,1.00002131241495,0.004719945156715126,0.04615922094983489,0.003356401493565506
dense,1000.0,cuDNN (SDPA),dk,0.9999995470057005,0.9999816755224387,0.000952001987063465,0.08570452116026672,0.0007325289435186772
dense,1000.0,cuDNN (SDPA),dv,0.9999999713961069,1.0000146900548759,0.00023963393821165558,0.00933818106604889,0.0002968963953108779
dense,1000.0,mem-efficient (SDPA),out,0.9999999892657562,1.0000084127299362,0.00014676321733079396,0.0019090497771045989,0.0004356411256134598
dense,1000.0,mem-efficient (SDPA),dq,0.9999906937272159,1.0000053682101395,0.004314240872021416,0.030778706801332767,0.002238029484732402
dense,1000.0,mem-efficient (SDPA),dk,0.9999996260196236,0.9999437469004995,0.0008666504998150609,0.11020643034418853,0.0009419503066591999
dense,1000.0,mem-efficient (SDPA),dv,0.9999999717189929,1.0000177524402096,0.00023849144129430637,0.009073681334719197,0.0002884869399536679
dense,1000.0,FA4,out,0.9999999864312585,1.0000082350215385,0.00016494096454443407,0.0033514814840467366,0.0007648009935064107
dense,1000.0,FA4,dq,0.9999886484375702,1.000014737992057,0.004764837527826566,0.041490102058917455,0.0030168932155522857
dense,1000.0,FA4,dk,0.9999995636349248,0.9999890321799506,0.0009342595312273865,0.11007072673662321,0.0009407904282894741
dense,1000.0,FA4,dv,0.9999999711865704,1.0000111176899196,0.00024031459220209188,0.00933818106604889,0.0002968963953108779
dense,10000.0,KohakuFA,out,0.9999999982667384,1.0000013581566733,5.889289351380773e-05,0.0024669893653250785,0.0005628781439600892
dense,10000.0,KohakuFA,dq,0.9999878080974923,1.0000363927562264,0.004938220007437902,0.10364103225151311,0.0029762663392370525
dense,10000.0,KohakuFA,dk,0.9999994946507151,0.9999744439921158,0.0010056469806845063,0.13400410052497191,0.0009284607446695178
dense,10000.0,KohakuFA,dv,0.9999999778406814,1.0000037630415315,0.00021055394684473927,0.007842550307351814,0.00025529826922743347
dense,10000.0,FA2 (SDPA flash),out,0.9999999982148567,1.0000013606010827,5.976740679355903e-05,0.00214914960514323,0.0004903585551841951
dense,10000.0,FA2 (SDPA flash),dq,0.9999881392794644,1.000089768327773,0.004871511968379441,0.07047344561190709,0.0020237905724034316
dense,10000.0,FA2 (SDPA flash),dk,0.9999994091603737,1.0000458057280919,0.001088040231384642,0.13009785052497191,0.0009013959028500733
dense,10000.0,FA2 (SDPA flash),dv,0.9999999731695984,1.000002842208353,0.00023166578005702013,0.008814625423305245,0.0002869421968958766
dense,10000.0,cuDNN (SDPA),out,0.9999999910029399,0.9999797317437324,0.00013566339849470024,0.0033154716730567912,0.000756471255171603
dense,10000.0,cuDNN (SDPA),dq,0.9999241923000349,1.0003018284788658,0.012318776814533678,0.167236328125,0.0048025366332529315
dense,10000.0,cuDNN (SDPA),dk,0.9999968749210092,1.0002098598588067,0.0025090856500355895,0.2582539742920571,0.001789338358645097
dense,10000.0,cuDNN (SDPA),dv,0.9999999564934073,0.9999422248465762,0.00030057632432278157,0.013143078237810357,0.00042784617183625644
dense,10000.0,mem-efficient (SDPA),out,0.9999999980051607,1.0000013618617898,6.31786246988777e-05,0.0024856873937484925,0.0005671443607839698
dense,10000.0,mem-efficient (SDPA),dq,0.9999868517721083,1.0001000451626614,0.005129239285842917,0.10364103225151311,0.0029762663392370525
dense,10000.0,mem-efficient (SDPA),dk,0.9999993771203546,1.0000982815750832,0.0011205092565502153,0.12814472552497191,0.000887863481940351
dense,10000.0,mem-efficient (SDPA),dv,0.9999999709762908,1.0000039521240451,0.00024096320723710672,0.01031494140625,0.00033578193125894355
dense,10000.0,FA4,out,0.9999999909953461,0.9999793915776084,0.0001357705572894919,0.0023851367313660887,0.0005442023201690897
dense,10000.0,FA4,dq,0.9999248423487807,1.0002932187047746,0.012265616776415545,0.1669921875,0.004795525630868621
dense,10000.0,FA4,dk,0.9999968642492929,1.0001832088069946,0.0025112180063470192,0.3266133492920571,0.002262973090485376
dense,10000.0,FA4,dv,0.9999998864680232,1.0001564518691177,0.0005015741877377272,0.01823462035116208,0.0005935909663603998
dense,100000.0,KohakuFA,out,0.9999999978998868,1.0000003663147017,6.481020116262392e-05,0.009344355467963972,0.002132045454366111
dense,100000.0,KohakuFA,dq,0.999982827952639,1.0002924961064483,0.005868534247052585,0.21674264740437144,0.0032871940953087507
dense,100000.0,KohakuFA,dk,0.9999980129002197,1.0002454499776885,0.002008835662629837,0.33776039472165564,0.001554920299854044
dense,100000.0,KohakuFA,dv,0.9999999770664755,1.0000019695323705,0.00021417520497142396,0.00929847278286644,0.00030305532703615
dense,100000.0,FA2 (SDPA flash),out,0.9999999972785177,1.0000004467625525,7.377781796410091e-05,0.009344355467963972,0.002132045454366111
dense,100000.0,FA2 (SDPA flash),dq,0.9999410615000689,1.0005782186323715,0.01087563769746945,0.908373431065634,0.013776706221380584
dense,100000.0,FA2 (SDPA flash),dk,0.9999826977202354,1.0005013374039247,0.005905357506687604,1.577258122046743,0.007261096062198864
dense,100000.0,FA2 (SDPA flash),dv,0.9999999066689506,1.000001801511571,0.00043204823907085326,0.02995069888923796,0.0009761515744353433
dense,100000.0,cuDNN (SDPA),out,0.9999999688398264,0.9999946844458572,0.000249696357149149,0.011297480467963972,0.0025776782529400863
dense,100000.0,cuDNN (SDPA),dq,0.9974316731483737,1.003199991199948,0.07185632118039553,0.90966796875,0.013796339628479573
dense,100000.0,cuDNN (SDPA),dk,0.9998812094968264,1.0004440096406448,0.015423476883163445,1.828125,0.008415991684025648
dense,100000.0,cuDNN (SDPA),dv,0.999995061464476,0.9999906611612968,0.003142779983007624,0.09134194129820372,0.0029770116597266113
dense,100000.0,mem-efficient (SDPA),out,0.9999999945382352,1.0000002112793653,0.00010451591443383854,0.014458798051046329,0.0032989770954259005
dense,100000.0,mem-efficient (SDPA),dq,0.9999055746884459,1.0004896618624313,0.013754376205237317,0.8541974789525533,0.012955054958804668
dense,100000.0,mem-efficient (SDPA),dk,0.9999938900662122,1.000470821027473,0.0035280721911413074,0.7626928752450226,0.003511147703536531
dense,100000.0,mem-efficient (SDPA),dv,0.999991556512215,1.0000139934092493,0.004109429119977643,0.1288604736328125,0.004199813656580566
dense,100000.0,FA4,out,0.9999999688566745,0.9999945886278808,0.0002496309209170918,0.009344355467963972,0.002132045454366111
dense,100000.0,FA4,dq,0.9974508357632024,1.0003938241966535,0.07141772480420157,0.884765625,0.013418662054108957
dense,100000.0,FA4,dk,0.9998769185510401,0.9979335601560787,0.015808997144917573,2.237307124754949,0.010299710444607991
dense,100000.0,FA4,dv,0.9999875856889904,1.0000071852509702,0.0049828558123014115,0.1911056449621853,0.0062285049475206185
dense,1000000.0,KohakuFA,out,0.9999999488166351,0.9999989674810473,0.0003199495116066597,0.10453932999596183,0.023852110943820167
dense,1000000.0,KohakuFA,dq,0.9999847494754347,1.035273614985629,0.03571841045663307,6.042115569175991,0.03702097843034632
dense,1000000.0,KohakuFA,dk,0.9999899522173938,1.0356753006317698,0.035965810928010704,19.59211146237851,0.038310147147715
dense,1000000.0,KohakuFA,dv,0.9999999355989191,1.0000007880160269,0.00035889118798825107,0.05782997832026204,0.0018847915568063678
dense,1000000.0,FA2 (SDPA flash),out,0.999999949491902,0.9999988662638729,0.0003178322933655644,0.10453932999596183,0.023852110943820167
dense,1000000.0,FA2 (SDPA flash),dq,0.9858393240813542,1.0237972270610305,0.17193495715948312,32.27159679930244,0.1977330746725096
dense,1000000.0,FA2 (SDPA flash),dk,0.9995128970597316,1.006184914176451,0.031913702757092974,25.09211146237851,0.0490647720240096
dense,1000000.0,FA2 (SDPA flash),dv,0.9999995210350715,1.0000077154361182,0.0009787730972734118,0.22165044788851684,0.007224019528920573
dense,1000000.0,cuDNN (SDPA),out,0.9999999235085285,0.9999996294688754,0.00039113044281153777,0.10405104874596183,0.023740702744176674
dense,1000000.0,cuDNN (SDPA),dq,0.9913446272456905,1.024023722008154,0.13529136434228445,3.107421875,0.01903965538084704
dense,1000000.0,cuDNN (SDPA),dk,0.9995144185027867,1.0154688215073222,0.035006716216564725,8.454873888359458,0.01653254491739714
dense,1000000.0,cuDNN (SDPA),dv,0.9996854573501804,1.0000551088037701,0.0250823245485245,0.739593505859375,0.024104791940137364
dense,1000000.0,mem-efficient (SDPA),out,0.999999980318877,1.0000014805166084,0.00019840487903529844,0.040605744376393305,0.009264768770371377
dense,1000000.0,mem-efficient (SDPA),dq,0.9982485782467423,0.9819548964355366,0.06136171522474485,7.783179870979453,0.04768874921773996
dense,1000000.0,mem-efficient (SDPA),dk,0.9997391704727449,0.9764386396685253,0.03262676444617227,19.90788853762149,0.03892761332749167
dense,1000000.0,mem-efficient (SDPA),dv,0.999870518275063,1.0001687562605528,0.016094583879450758,0.7585382678922912,0.024722238609883658
dense,1000000.0,FA4,out,0.9999999235956103,0.999998984293443,0.00039090875612228987,0.10405104874596183,0.023740702744176674
dense,1000000.0,FA4,dq,0.9888699403353346,1.1150125834534752,0.1950594973694505,34.16711556917599,0.2093472119213566
dense,1000000.0,FA4,dk,0.9957698620711156,1.1262727246179887,0.15960381863789647,107.09211146237851,0.20940645199785637
dense,1000000.0,FA4,dv,0.9984681773328449,1.0246438443585995,0.061208368691457855,1.8914985656738281,0.061647619968833355
dense,10000000.0,KohakuFA,out,0.9999999999999998,1.0000000001974843,2.6418116013688902e-08,7.886078438712474e-06,1.7993191446616696e-06
dense,10000000.0,KohakuFA,dq,0.02776834926065359,22.08906552109589,22.08393220925125,0.008028594442474061,3.651717953741958
dense,10000000.0,KohakuFA,dk,0.071639583122351,5.341546319344331,5.363467607677691,0.0134429931640625,2.1044280898389442
dense,10000000.0,KohakuFA,dv,0.9999999789455741,1.0000025383984734,0.00020522037438420093,0.00780487060546875,0.00025437592484795255
dense,10000000.0,FA2 (SDPA flash),out,0.9999999999999998,1.0000000001974843,2.6418116013688902e-08,7.886078438712474e-06,1.7993191446616696e-06
dense,10000000.0,FA2 (SDPA flash),dq,0.026563133735249968,22.077234472711776,22.073318755898196,0.00769492088304097,3.4999502020637054
dense,10000000.0,FA2 (SDPA flash),dk,0.06414600432330322,5.335654885605892,5.365136640903992,0.0134429931640625,2.1044280898389442
dense,10000000.0,FA2 (SDPA flash),dv,0.9999999789455748,1.0000025386305125,0.0002052203744008015,0.00780487060546875,0.00025437592484795255
dense,10000000.0,cuDNN (SDPA),out,0.9999999823227673,0.9999983001344019,0.00018803535480440834,0.001953125,0.000445632798573975
dense,10000000.0,cuDNN (SDPA),dq,-0.001080832535013507,36656.23841322839,36656.23950770115,6.55078125,2979.5508632379738
dense,10000000.0,cuDNN (SDPA),dk,0.010833704415323985,8642.087796538817,8642.077020684073,12.65625,1981.2676899387218
dense,10000000.0,cuDNN (SDPA),dv,0.9804062077971197,1.0405554165852537,0.20596503351469608,6.9150848388671875,0.22537607478801386
dense,10000000.0,mem-efficient (SDPA),out,0.9999999999999998,1.0000000001974843,2.6418116013688902e-08,7.886078438712474e-06,1.7993191446616696e-06
dense,10000000.0,mem-efficient (SDPA),dq,0.03171542166482335,35.88405157742324,35.86626551451281,0.018324462362395936,8.334680333013496
dense,10000000.0,mem-efficient (SDPA),dk,0.08889888648805366,8.769708868922931,8.737766244248139,0.0169219970703125,2.649047391182054
dense,10000000.0,mem-efficient (SDPA),dv,0.9980997046620872,1.0034531520515015,0.06185174979259569,6.8166961669921875,0.22216939646265785
dense,10000000.0,FA4,out,0.9999999821925845,0.9999985887478836,0.00018872406421547864,0.001953125,0.000445632798573975
dense,10000000.0,FA4,dq,-0.0037519459540425195,43931.56662626757,43931.57038959471,9.28125,4221.474568308542
dense,10000000.0,FA4,dk,0.02590437681861718,10341.598272815496,10341.572416754781,16.4375,2573.201987426587
dense,10000000.0,FA4,dv,0.8726694839103325,1.6995120795654457,0.9602690507567968,32.816436767578125,1.0695515499152453
dense,100000000.0,KohakuFA,out,1.0,1.0000000000049527,1.0493159553692116e-09,3.0097625980385345e-07,6.867194519588813e-08
dense,100000000.0,KohakuFA,dq,-0.002057166286518002,243.23341185792697,243.23752462808278,0.0097503662109375,15.594771640421492
dense,100000000.0,KohakuFA,dk,0.0212529345431091,55.5970288693976,55.58476786920968,0.042510986328125,18.925044403634963
dense,100000000.0,KohakuFA,dv,0.9999999788391755,1.0000027422072324,0.0002057408181102466,0.00780487060546875,0.00025437592484795255
dense,100000000.0,FA2 (SDPA flash),out,1.0,1.0000000000049527,1.0493159553692116e-09,3.0097625980385345e-07,6.867194519588813e-08
dense,100000000.0,FA2 (SDPA flash),dq,-0.002057166286518002,243.23341185792697,243.23752462808278,0.0097503662109375,15.594771640421492
dense,100000000.0,FA2 (SDPA flash),dk,0.0212529345431091,55.5970288693976,55.58476786920968,0.042510986328125,18.925044403634963
dense,100000000.0,FA2 (SDPA flash),dv,0.9999999788391755,1.0000027422072324,0.0002057408181102466,0.00780487060546875,0.00025437592484795255
dense,100000000.0,cuDNN (SDPA),out,0.9999999827974394,0.9999991512153706,0.0001854880393022093,0.001953125,0.000445632798573975
dense,100000000.0,cuDNN (SDPA),dq,3.0552506625681627e-18,15971192.478505416,15971192.478505448,2150.0,3438717.9211069252
dense,100000000.0,cuDNN (SDPA),dk,-0.02855747749423061,3366061.036714869,3366061.0652724947,2096.0,933097.4530641627
dense,100000000.0,cuDNN (SDPA),dv,0.4214001510193732,53.686842672343985,53.27316199462217,1728.8585815429688,56.34686631488358
dense,100000000.0,mem-efficient (SDPA),out,0.999999999999999,1.0000000000048719,4.4618119959006916e-08,3.039841387605935e-05,6.935823486872721e-06
dense,100000000.0,mem-efficient (SDPA),dq,-1.8232531511240698e-05,427662.8664085224,427662.8664279241,45.28125,72422.99807680138
dense,100000000.0,mem-efficient (SDPA),dk,0.02725230923484246,94132.3345910116,94132.30734401009,90.875,40455.74000343788
dense,100000000.0,mem-efficient (SDPA),dv,0.3744761721996099,1104.945106948588,1104.5710199626574,43764.20893096924,1426.3607540468277
dense,100000000.0,FA4,out,0.9999999827727779,0.9999993847961949,0.00018562004580859357,0.001953125,0.000445632798573975
dense,100000000.0,FA4,dq,-9.84221894374979e-07,256828548.73142225,256828548.7314232,31200.0,49901394.94815631
dense,100000000.0,FA4,dk,-0.0383938996665397,55059305.32178426,55059305.360178165,33504.0,14915313.486384403
dense,100000000.0,FA4,dv,0.3960203828251072,888.2250864116112,887.82954087674,32118.64901161194,1046.8092887370647
causal,10.0,KohakuFA,out,0.9999999685921113,1.000003805481948,0.00025066012554828985,0.0011351319738595045,0.00030644566663480484
causal,10.0,KohakuFA,dq,0.9999982207347449,0.9999890564223115,0.001886428193436,0.0030213068600168508,0.0023846124895215426
causal,10.0,KohakuFA,dk,0.9999999250683174,1.0000014147149743,0.0003871247586155259,0.003748083819215431,0.000548448276837828
causal,10.0,KohakuFA,dv,0.9999999589722848,0.9999991594471754,0.00028645430310662384,0.0025439045580473163,0.000444429550372242
causal,10.0,FA2 (SDPA flash),out,0.9999999687933805,1.0000038574686454,0.0002498566792520649,0.0011351319738595045,0.00030644566663480484
causal,10.0,FA2 (SDPA flash),dq,0.9999986528385882,0.9999978187910207,0.001641438912789307,0.0030213068600168508,0.0023846124895215426
causal,10.0,FA2 (SDPA flash),dk,0.9999999455235636,1.0000023243649243,0.0003300886675567538,0.003293057177756964,0.00048186530018619084
causal,10.0,FA2 (SDPA flash),dv,0.9999999589311394,1.000001090768802,0.00028659902382620973,0.0025439045580473163,0.000444429550372242
causal,10.0,cuDNN (SDPA),out,0.9999999675287552,1.0000035912308955,0.00025486392425358976,0.0011351319738595045,0.00030644566663480484
causal,10.0,cuDNN (SDPA),dq,0.9999986078701177,0.9999976917036577,0.0016686098004233237,0.0030213068600168508,0.0023846124895215426
causal,10.0,cuDNN (SDPA),dk,0.9999999447440431,1.0000013047113738,0.0003324360991514013,0.003748083819215431,0.000548448276837828
causal,10.0,cuDNN (SDPA),dv,0.9999999589637176,0.9999996588874465,0.0002864832503718134,0.0025439045580473163,0.000444429550372242
causal,10.0,mem-efficient (SDPA),out,0.9999999691070999,1.0000036122670743,0.0002485941909822472,0.0011351319738595045,0.00030644566663480484
causal,10.0,mem-efficient (SDPA),dq,0.9999982546219872,0.9999897205678315,0.0018683751790324373,0.0030213068600168508,0.0023846124895215426
causal,10.0,mem-efficient (SDPA),dk,0.9999999250874895,1.0000023128517757,0.0003870797288077157,0.003748083819215431,0.000548448276837828
causal,10.0,mem-efficient (SDPA),dv,0.9999999589609673,0.9999978724303301,0.00028650029217216127,0.0025439045580473163,0.000444429550372242
causal,10.0,FA4,out,0.9999999670713332,1.000004031716345,0.0002566590225495275,0.0011351319738595045,0.00030644566663480484
causal,10.0,FA4,dq,0.9999986119056594,0.9999942484222314,0.0016661950049354632,0.0030213068600168508,0.0023846124895215426
causal,10.0,FA4,dk,0.9999999447393667,0.999998742823125,0.00033244955765631545,0.003748083819215431,0.000548448276837828
causal,10.0,FA4,dv,0.9999999589723251,0.9999994966368847,0.0002864534203941636,0.0025439045580473163,0.000444429550372242
causal,100.0,KohakuFA,out,0.9999999774489962,1.0000000010005947,0.0002123723325366661,0.0017086132932373488,0.00039034410484669013
causal,100.0,KohakuFA,dq,0.9999970956997707,1.0000008257796218,0.002410104963829794,0.009530433369636437,0.0027787174471857815
causal,100.0,KohakuFA,dk,0.9999998804578637,0.999984810832496,0.0004891945948743667,0.023945703816302455,0.0006358108937494789
causal,100.0,KohakuFA,dv,0.9999999610161292,0.9999971131185014,0.0002792415628432549,0.0067092285856276135,0.00033425519431000303
causal,100.0,FA2 (SDPA flash),out,0.9999999774413958,1.000000414822333,0.0002124085657665543,0.0017086132932373488,0.00039034410484669013
causal,100.0,FA2 (SDPA flash),dq,0.9999975524684637,1.000003979655637,0.002212486924426716,0.008289026313014515,0.0024167696412984952
causal,100.0,FA2 (SDPA flash),dk,0.9999998979432299,0.9999839954446306,0.0004520690426022381,0.02275268647069595,0.0006041336697017862
causal,100.0,FA2 (SDPA flash),dv,0.999999961028557,0.9999974390527728,0.0002791939197546211,0.0067092285856276135,0.00033425519431000303
causal,100.0,cuDNN (SDPA),out,0.9999999682985297,0.9999987196409127,0.00025180249897451354,0.0020553402406204846,0.0004695561889608541
causal,100.0,cuDNN (SDPA),dq,0.9999966909416749,1.0000101032657853,0.002572602882384595,0.011422092458801797,0.0033302543932325346
causal,100.0,cuDNN (SDPA),dk,0.9999998801972534,0.9999929909998962,0.0004895436033898052,0.03497631670387591,0.0009286978304816464
causal,100.0,cuDNN (SDPA),dv,0.999999960990555,0.999999288088375,0.00027931942466077376,0.0067092285856276135,0.00033425519431000303
causal,100.0,mem-efficient (SDPA),out,0.9999999776300448,0.9999999952406059,0.00021151810968802226,0.0017086132932373488,0.00039034410484669013
causal,100.0,mem-efficient (SDPA),dq,0.999997115495949,1.0000036916996387,0.0024018832251926406,0.009530433369636437,0.0027787174471857815
causal,100.0,mem-efficient (SDPA),dk,0.9999998786318145,0.9999997108639502,0.0004926828440640687,0.023945703816302455,0.0006358108937494789
causal,100.0,mem-efficient (SDPA),dv,0.9999999608950736,0.9999973216796898,0.0002796726954979793,0.0067092285856276135,0.00033425519431000303
causal,100.0,FA4,out,0.9999999686230502,1.000002051949644,0.0002505159445652063,0.0021928902774970283,0.0005009804124693067
causal,100.0,FA4,dq,0.9999966591450308,1.000003866904643,0.0025849082631227245,0.01392729350741792,0.0040606771969505665
causal,100.0,FA4,dk,0.999999875394354,0.9999875209042648,0.0004993635047368765,0.03924975697148447,0.0010421670313360972
causal,100.0,FA4,dv,0.9999999609934535,0.9999983930600176,0.00027931263843798134,0.0067092285856276135,0.00033425519431000303
causal,1000.0,KohakuFA,out,0.9999999906916641,1.0000075236170194,0.00013665070925475114,0.0018235603090568375,0.00041607080135343174
causal,1000.0,KohakuFA,dq,0.9999908230910954,1.0000062165601566,0.004284153423079821,0.027838905713921308,0.002324380372132974
causal,1000.0,KohakuFA,dk,0.9999996003753912,0.9999451847405159,0.0008956618332580014,0.0624564268403347,0.001087013453177816
causal,1000.0,KohakuFA,dv,0.9999999734735451,1.0000038775497648,0.0002303652557959727,0.00839621827094561,0.0003413016254623498
causal,1000.0,FA2 (SDPA flash),out,0.9999999906930815,1.0000075323447646,0.00013664081781804808,0.0018235603090568375,0.00041607080135343174
causal,1000.0,FA2 (SDPA flash),dq,0.9999911554063703,1.0000158275512236,0.00420591461480299,0.027838905713921308,0.002324380372132974
causal,1000.0,FA2 (SDPA flash),dk,0.9999995842639531,0.9999740644024798,0.0009122078624930365,0.07958446281802622,0.001385115769883524
causal,1000.0,FA2 (SDPA flash),dv,0.9999999726574937,1.0000005066949844,0.00023384887642634094,0.008430913616301439,0.0003427119720474188
causal,1000.0,cuDNN (SDPA),out,0.999999988639608,1.0000077278510549,0.00015093269572552358,0.002277513031840428,0.0005196464671578873
causal,1000.0,cuDNN (SDPA),dq,0.9999891701285437,1.000013189222375,0.0046540522711810165,0.052085599471673155,0.00434883275682044
causal,1000.0,cuDNN (SDPA),dk,0.9999995488590647,0.9999744664998516,0.0009502161818718683,0.07958446281802622,0.001385115769883524
causal,1000.0,cuDNN (SDPA),dv,0.9999999728766289,1.0000093529087721,0.00023309810454123724,0.008430913616301439,0.0003427119720474188
causal,1000.0,mem-efficient (SDPA),out,0.9999999907031678,1.0000075778808943,0.00013656950300339885,0.0018235603090568375,0.00041607080135343174
causal,1000.0,mem-efficient (SDPA),dq,0.9999907481674827,1.0000008527845703,0.00430159058268996,0.027838905713921308,0.002324380372132974
causal,1000.0,mem-efficient (SDPA),dk,0.9999996040393826,0.9999468221213065,0.0008914634087685058,0.0624564268403347,0.001087013453177816
causal,1000.0,mem-efficient (SDPA),dv,0.9999999731354776,1.0000159600498881,0.0002323459175476983,0.0087853845683874,0.00035712102005237253
causal,1000.0,FA4,out,0.9999999886733809,1.000007189441537,0.00015068207934889946,0.002137265110073283,0.00048764694133579366
causal,1000.0,FA4,dq,0.99998920201133,1.0000092510938297,0.004647177929599349,0.03682296115630994,0.0030744947030278123
causal,1000.0,FA4,dk,0.9999995157551551,0.9999711894377337,0.0009845261986356742,0.09023833062902398,0.0015705394040042907
causal,1000.0,FA4,dv,0.9999999728002602,1.0000110243915086,0.0002334986429235438,0.00839621827094561,0.0003413016254623498
causal,10000.0,KohakuFA,out,0.9999999984777215,1.0000012459757135,5.5191604024388924e-05,0.0023907455475991046,0.000545482050076088
causal,10000.0,KohakuFA,dq,0.9999880714446299,0.9999908174497484,0.004884360346120523,0.07966067164540958,0.002891999884681139
causal,10000.0,KohakuFA,dk,0.9999994244776284,0.9999379756335048,0.0010746256895799678,0.09547868993784192,0.001004167738027697
causal,10000.0,KohakuFA,dv,0.9999999780340484,1.0000001509940046,0.00020959945763762285,0.007805465314824289,0.0003091279936299981
causal,10000.0,FA2 (SDPA flash),out,0.9999999984539378,1.0000012612855267,5.562120922177431e-05,0.0023907455475991046,0.000545482050076088
causal,10000.0,FA2 (SDPA flash),dq,0.9999882745787982,0.9999781398333509,0.0048426033939827536,0.07047344561190709,0.0025584669620904743
causal,10000.0,FA2 (SDPA flash),dk,0.9999993075393824,0.9999584226104289,0.0011775365528718434,0.0940195163487374,0.000988821328862314
causal,10000.0,FA2 (SDPA flash),dv,0.9999999740179518,0.999999730883046,0.00022795647569539388,0.00824882950627881,0.0003266870086821081
causal,10000.0,cuDNN (SDPA),out,0.9999999917348537,0.9999787879996934,0.0001303069100884671,0.0025670868100058364,0.0005857167766145224
causal,10000.0,cuDNN (SDPA),dq,0.99992630239008,1.000225445963085,0.012144104552393413,0.167236328125,0.00607134526563921
causal,10000.0,cuDNN (SDPA),dk,0.999996596057596,1.000125141137019,0.002612354696224714,0.18261712673593036,0.0019206194303558045
causal,10000.0,cuDNN (SDPA),dv,0.9999999590117916,0.9999436256886812,0.00029180448638264325,0.01049320629032735,0.00041557340612531944
causal,10000.0,mem-efficient (SDPA),out,0.9999999982191604,1.0000011345807538,5.9690621520328224e-05,0.0024856873937484925,0.0005671443607839698
causal,10000.0,mem-efficient (SDPA),dq,0.9999876558107006,1.0000860385937211,0.004969698722457525,0.07315899248690709,0.002655963017451104
causal,10000.0,mem-efficient (SDPA),dk,0.9999992862947057,1.000075477281384,0.0011971696395773532,0.1215451268317338,0.0012783134661605554
causal,10000.0,mem-efficient (SDPA),dv,0.9999999734997173,1.0000004040247255,0.00023021891780972465,0.00982666015625,0.0003891754835443514
causal,10000.0,FA4,out,0.9999999917983209,0.9999789472234438,0.0001297930369806432,0.0024843451837233133,0.0005668381167853549
causal,10000.0,FA4,dq,0.9999272449627619,1.0002105017489804,0.012065861576701411,0.1669921875,0.006062481987879152
causal,10000.0,FA4,dk,0.9999966015775055,1.0001253347148003,0.002610250114561271,0.18249505642343036,0.001919335593411003
causal,10000.0,FA4,dv,0.9999998914216963,1.0001530850675295,0.0004905353085933328,0.016815196433679347,0.0006659497834376847
causal,100000.0,KohakuFA,out,0.9999999980754694,1.0000003359377585,6.204172312110957e-05,0.009571344256495784,0.002183836122694225
causal,100000.0,KohakuFA,dq,0.9999712515700171,1.0001167465040555,0.007584009643287489,0.21674264740437144,0.005799991261513001
causal,100000.0,KohakuFA,dk,0.9999942456306952,1.0002923384587583,0.003405519759336005,0.402732292572459,0.0024658510902264862
causal,100000.0,KohakuFA,dv,0.999999977434644,1.0000024517351478,0.00021245430903405884,0.011305555161694514,0.00044774570589683143
causal,100000.0,FA2 (SDPA flash),out,0.9999999978575587,1.0000004669388858,6.546069570035103e-05,0.009344355467963972,0.002132045454366111
causal,100000.0,FA2 (SDPA flash),dq,0.9999528168440516,1.0014065178771108,0.00982228753093404,0.3006787622506586,0.008046105436383039
causal,100000.0,FA2 (SDPA flash),dk,0.9999867615212231,1.0018276026618538,0.0054649316922853785,0.9939369252971773,0.0060856814714440694
causal,100000.0,FA2 (SDPA flash),dv,0.9999999320708234,1.000007751841181,0.00036867261590767524,0.026318824326159174,0.0010423318808985044
causal,100000.0,cuDNN (SDPA),out,0.9999999686699634,0.9999929507662818,0.0002504182962926481,0.011297480467963972,0.0025776782529400863
causal,100000.0,cuDNN (SDPA),dq,0.9951267271981977,1.0069425713214815,0.09930967217824306,0.884765625,0.02367615674599161
causal,100000.0,cuDNN (SDPA),dk,0.9997641356056699,1.0024927827574286,0.02188877958970089,2.10546875,0.012891373521260902
causal,100000.0,cuDNN (SDPA),dv,0.9999950653387673,0.9999635700587756,0.0031417017788775404,0.0872802734375,0.0034566518036682208
causal,100000.0,mem-efficient (SDPA),out,0.9999999953859516,1.000000612906942,9.60649668146265e-05,0.01602589478961769,0.003656532144511701
causal,100000.0,mem-efficient (SDPA),dq,0.9998964103041874,0.9968987068357087,0.01470220687124289,0.6594378222399353,0.017646428390103944
causal,100000.0,mem-efficient (SDPA),dk,0.9999807473335764,0.997345103261914,0.0067417788345625045,1.3491023717354835,0.008260290062467607
causal,100000.0,mem-efficient (SDPA),dv,0.9999914439697272,1.0000123116633033,0.004136716427422328,0.1163330078125,0.004607257578875265
causal,100000.0,FA4,out,0.9999999687817053,0.9999927636687699,0.00024997700353194814,0.009742051959132502,0.0022227854737414624
causal,100000.0,FA4,dq,0.9951401982676339,1.0030756237762941,0.09878743224650838,0.884765625,0.02367615674599161
causal,100000.0,FA4,dk,0.999760801030892,0.998400938702612,0.021913236812954852,2.198849590393735,0.013463126150334539
causal,100000.0,FA4,dv,0.999987514966188,1.0000821165334637,0.004997885673411388,0.13442230224609375,0.00532366679447818
causal,1000000.0,KohakuFA,out,0.9999999244765487,0.9999989261361809,0.00038864880476851887,0.10453932999596183,0.023852110943820167
causal,1000000.0,KohakuFA,dq,0.999978703388415,1.0345141805326317,0.03514672034774788,6.042115569175991,0.03702097843034632
causal,1000000.0,KohakuFA,dk,0.9999827227047152,1.0350139315485791,0.035520978099238355,19.2446221731891,0.03764189680506063
causal,1000000.0,KohakuFA,dv,0.9999999155305775,1.0000008632425121,0.0004110227927770394,0.06291405745268186,0.0024916511097507845
causal,1000000.0,FA2 (SDPA flash),out,0.9999999248060586,0.9999988292069822,0.00038780030615802866,0.10453932999596183,0.023852110943820167
causal,1000000.0,FA2 (SDPA flash),dq,0.9863847198596778,1.0217062743070122,0.16820462727262117,32.27159679930244,0.1977330746725096
causal,1000000.0,FA2 (SDPA flash),dk,0.9995509666519091,1.0046772854318395,0.030399740286181795,24.7446221731891,0.04839972985393497
causal,1000000.0,FA2 (SDPA flash),dv,0.9999996840980927,0.9999986889607922,0.0007948614377846703,0.13702942192433332,0.005426919277350143
causal,1000000.0,cuDNN (SDPA),out,0.9999998994167902,0.999998728437906,0.0004485173137776051,0.10405104874596183,0.023740702744176674
causal,1000000.0,cuDNN (SDPA),dq,0.9913822323230033,1.020223197212275,0.13413825215054273,2.787109375,0.0170770510549772
causal,1000000.0,cuDNN (SDPA),dk,0.9995774758413573,1.0115963949298823,0.031453524550949526,8.7446221731891,0.017104215529936906
causal,1000000.0,cuDNN (SDPA),dv,0.9996832739936674,1.0002779410483613,0.025173504448294484,0.717498779296875,0.028415853341273962
causal,1000000.0,mem-efficient (SDPA),out,0.9999999715108067,1.0000001841852966,0.0002387015518291784,0.07659874588674903,0.01747707571034559
causal,1000000.0,mem-efficient (SDPA),dq,0.9989295646187561,0.9822941288288143,0.049157528970685115,7.783179870979453,0.04768874921773996
causal,1000000.0,mem-efficient (SDPA),dk,0.9998551438967596,0.977663181537857,0.027967381295526925,19.7553778268109,0.03864091935968463
causal,1000000.0,mem-efficient (SDPA),dv,0.999794235402612,1.0004179985710173,0.020294726807645824,0.5390243530273438,0.02134754428155275
causal,1000000.0,FA4,out,0.9999998996309725,0.9999987394818051,0.0004480394971162662,0.10405104874596183,0.023740702744176674
causal,1000000.0,FA4,dq,0.9891488600816499,1.1151675858750403,0.19355942717874003,34.16711556917599,0.2093472119213566
causal,1000000.0,FA4,dk,0.9959235947008237,1.127045210088999,0.1591510965723877,107.2446221731891,0.20976722558704997
causal,1000000.0,FA4,dv,0.9985689266115697,1.0199897908134856,0.05761034828027145,1.8802642822265625,0.07446606966905883
causal,10000000.0,KohakuFA,out,0.9999999998620367,0.9999999121897756,1.6611269866702858e-05,0.0052473374320627375,0.001197253460434992
causal,10000000.0,KohakuFA,dq,0.9999660707630508,1.2955733695003733,0.2957220525924336,2.2203091894494085,0.29365514756459576
causal,10000000.0,KohakuFA,dk,0.9999987861795866,1.2952120826494016,0.2952174081112562,7.1091572096249,0.2962121957274832
causal,10000000.0,KohakuFA,dv,0.9999999788847592,1.000001421427555,0.00020550562518586432,0.00780487060546875,0.0003091044401357159
causal,10000000.0,FA2 (SDPA flash),out,0.9999999998620099,0.9999999121969563,1.6612873235776687e-05,0.0052473374320627375,0.001197253460434992
causal,10000000.0,FA2 (SDPA flash),dq,0.46234040306429525,2.0901755939899953,1.8536689997166313,14.27153737135008,1.8875345977362332
causal,10000000.0,FA2 (SDPA flash),dk,0.9666430947215247,1.0644935092794245,0.27418211294018935,7.234157209624605,0.3014204817976968
causal,10000000.0,FA2 (SDPA flash),dv,0.9999999781653854,1.0000022535484807,0.00020898422466678973,0.013413374317669202,0.0005312238688350321
causal,10000000.0,cuDNN (SDPA),out,0.9999999822085492,1.0000018068419017,0.00018864313017440433,0.0052473374320627375,0.001197253460434992
causal,10000000.0,cuDNN (SDPA),dq,0.07631829398018508,13.003736246367003,12.965813142016854,6.98828125,0.9242608063071334
causal,10000000.0,cuDNN (SDPA),dk,0.30504573473617924,2.9491316505588823,2.8103625086403436,12.3125,0.5130161779172512
causal,10000000.0,cuDNN (SDPA),dv,0.9805706119114908,1.0405663550778617,0.20513596528549027,5.721702575683594,0.22660256148776228
causal,10000000.0,mem-efficient (SDPA),out,0.9999999999179422,1.0000000635407975,1.2810913876509479e-05,0.0045182875679372625,0.0010309105324348834
causal,10000000.0,mem-efficient (SDPA),dq,0.497241982842695,2.1977055012313245,1.9090119402112973,14.72846262864992,1.9479669260335588
causal,10000000.0,mem-efficient (SDPA),dk,0.9647054544535003,1.0659799692541831,0.2821345662902342,7.4216572096249,0.30923291090304794
causal,10000000.0,mem-efficient (SDPA),dv,0.9992505914119238,1.0017441149785935,0.038787539528797384,6.3323974609375,0.25078854869271183
causal,10000000.0,FA4,out,0.9999999822085492,1.0000018068419017,0.00018864313017440433,0.0052473374320627375,0.001197253460434992
causal,10000000.0,FA4,dq,0.06353615905331117,15.61955331267683,15.587996434446664,9.28125,1.2275258109478753
causal,10000000.0,FA4,dk,0.25263378694277017,3.5608360756098434,3.4467925020861085,18.484375,0.770175302634655
causal,10000000.0,FA4,dv,0.8681364302298723,1.6872457802212903,0.9577469737624325,32.106964111328125,1.2715656245647082
causal,100000000.0,KohakuFA,out,1.0,1.0000000000000429,7.437798987565617e-12,2.3118165159985438e-09,5.274732870727515e-10
causal,100000000.0,KohakuFA,dq,0.0008348901384331947,107648.51040140621,107648.5095711608,0.0097503662109375,6187.164892513666
causal,100000000.0,KohakuFA,dk,-0.008672710744741078,19575.123660951427,19575.13235920286,0.0245208740234375,4158.9106572741275
causal,100000000.0,KohakuFA,dv,0.9999999790529394,1.0000020014286413,0.0002046905246113779,0.00780487060546875,0.0003091044401357159
causal,100000000.0,FA2 (SDPA flash),out,1.0,1.0000000000000429,7.437798987565617e-12,2.3118165159985438e-09,5.274732870727515e-10
causal,100000000.0,FA2 (SDPA flash),dq,-0.00016943061156480244,107645.28432370213,107645.28449777763,0.0097503662109375,6187.164892513666
causal,100000000.0,FA2 (SDPA flash),dk,-0.013064203345936639,19576.777090028067,19576.790179767504,0.0245208740234375,4158.9106572741275
causal,100000000.0,FA2 (SDPA flash),dv,0.9999999790529399,1.0000020016977653,0.00020469052461195644,0.00780487060546875,0.0003091044401357159
causal,100000000.0,cuDNN (SDPA),out,0.9999999828847504,0.9999990786286653,0.00018501707018071155,0.001953125,0.000445632798573975
causal,100000000.0,cuDNN (SDPA),dq,-7.584673401279644e-24,6863195153.90131,6863195153.90131,1822.0,1156163183.0314603
causal,100000000.0,cuDNN (SDPA),dk,-0.0005266335412347529,1285643269.2735958,1285643269.2741222,2566.0,435211433.99558854
causal,100000000.0,cuDNN (SDPA),dv,0.42723770367330804,54.097075214387175,53.6774526814657,1716.5619506835938,67.98279530124992
causal,100000000.0,mem-efficient (SDPA),out,1.0,1.0000000000000429,7.437798987565617e-12,2.3118165159985438e-09,5.274732870727515e-10
causal,100000000.0,mem-efficient (SDPA),dq,-5.795350267341115e-27,191485120.78336588,191485120.78336588,42.84375,27186809.20582005
causal,100000000.0,mem-efficient (SDPA),dk,0.028709367117930887,35285715.59643656,35285715.5677272,63.125,10706438.72602164
causal,100000000.0,mem-efficient (SDPA),dv,0.3758607724999886,1111.315263805055,1110.9397895201205,33106.07566070557,1311.1344824887651
causal,100000000.0,FA4,out,0.9999999828847504,0.9999990786286653,0.00018501707018071155,0.001953125,0.000445632798573975
causal,100000000.0,FA4,dq,9.828911111450764e-08,106363101030.75604,106363101030.75604,29200.0,18529069673.171593
causal,100000000.0,FA4,dk,-0.022618046822052408,18735653992.468227,18735653992.490845,32800.0,5563107963.778373
causal,100000000.0,FA4,dv,0.3955922440676021,902.4264467865706,902.0313221022066,41500.87890625,1643.6026409544952
