mode,seq,kernel,pass,ms,tflops,graph
dense,256,KohakuFA,fwd,0.045121601223945616,761.492000194479,True
dense,256,KohakuFA,fwd+bwd,0.3419487953186035,351.6874044722139,True
dense,256,FA2 (SDPA flash),fwd,0.1285215973854065,267.3460264033531,True
dense,256,FA2 (SDPA flash),fwd+bwd,0.6457776069641114,186.22368287645395,True
dense,256,cuDNN (SDPA),fwd,0.05777760148048401,594.6895940221049,True
dense,256,cuDNN (SDPA),fwd+bwd,0.38787040710449217,310.0496508247463,True
dense,256,mem-efficient (SDPA),fwd,0.265502405166626,129.41403806280496,True
dense,256,mem-efficient (SDPA),fwd+bwd,1.1852687835693358,101.46144566960587,True
dense,256,flex,fwd,0.15765600204467772,217.94120060372254,True
dense,256,flex,fwd+bwd,0.6624608039855957,181.53388632879006,True
dense,256,FA4,fwd,0.05315200090408325,646.4429896064443,True
dense,256,FA4,fwd+bwd,0.41562561988830565,289.34473365794474,True
dense,512,KohakuFA,fwd,0.07804960012435913,880.4590494571001,True
dense,512,KohakuFA,fwd+bwd,0.4502575874328613,534.1790461484762,True
dense,512,FA2 (SDPA flash),fwd,0.2264944076538086,303.4047394275452,True
dense,512,FA2 (SDPA flash),fwd+bwd,0.9803423881530762,245.3409864579314,True
dense,512,cuDNN (SDPA),fwd,0.08743039965629577,785.9906509194549,True
dense,512,cuDNN (SDPA),fwd+bwd,0.4983327865600586,482.64568389383504,True
dense,512,mem-efficient (SDPA),fwd,0.4947807788848877,138.88873551409282,True
dense,512,mem-efficient (SDPA),fwd+bwd,2.136947250366211,112.55222539292073,True
dense,512,flex,fwd,0.24205119609832765,283.90471868639025,True
dense,512,flex,fwd+bwd,0.9317808151245117,258.12741008609424,True
dense,512,FA4,fwd,0.08115199804306031,846.7995661614708,True
dense,512,FA4,fwd+bwd,0.5297247886657714,454.04363496335145,True
dense,1024,KohakuFA,fwd,0.13987360000610352,982.5939524399366,True
dense,1024,KohakuFA,fwd+bwd,0.6704751968383789,717.4558274792618,True
dense,1024,FA2 (SDPA flash),fwd,0.4015984058380127,342.2298282912928,True
dense,1024,FA2 (SDPA flash),fwd+bwd,1.6521408081054687,291.1594065057994,True
dense,1024,cuDNN (SDPA),fwd,0.14714720249176025,934.0235569867265,True
dense,1024,cuDNN (SDPA),fwd+bwd,0.7313295841217041,657.7558840720279,True
dense,1024,mem-efficient (SDPA),fwd,0.9483903884887696,144.91812141939215,True
dense,1024,mem-efficient (SDPA),fwd+bwd,4.027284622192383,119.44433589353123,True
dense,1024,flex,fwd,0.40711197853088377,337.59496335127807,True
dense,1024,flex,fwd+bwd,1.4697039604187012,327.3015179294737,True
dense,1024,FA4,fwd,0.13950560092926026,985.1859176728811,True
dense,1024,FA4,fwd+bwd,0.7571919918060303,635.2897843050974,True
dense,2048,KohakuFA,fwd,0.2653264045715332,1035.9990645781795,True
dense,2048,KohakuFA,fwd+bwd,1.1171775817871095,861.1636054896541,True
dense,2048,FA2 (SDPA flash),fwd,0.7712080001831054,356.4251238041315,True
dense,2048,FA2 (SDPA flash),fwd+bwd,2.9986223220825194,320.8382286822464,True
dense,2048,cuDNN (SDPA),fwd,0.2689199924468994,1022.1549704909985,True
dense,2048,cuDNN (SDPA),fwd+bwd,1.2197104454040528,788.771366129684,True
dense,2048,mem-efficient (SDPA),fwd,1.8501535415649415,148.57032174286255,True
dense,2048,mem-efficient (SDPA),fwd+bwd,7.821342468261719,123.006079609479,True
dense,2048,flex,fwd,0.720966386795044,381.26313789181154,True
dense,2048,flex,fwd+bwd,2.53253116607666,379.88581826395495,True
dense,2048,FA4,fwd,0.25754399299621583,1067.304671897507,True
dense,2048,FA4,fwd+bwd,1.2566800117492676,765.5669425065643,True
dense,4096,KohakuFA,fwd,0.5128479957580566,1071.9663885502541,True
dense,4096,KohakuFA,fwd+bwd,2.1436784744262694,897.5904603058419,True
dense,4096,FA2 (SDPA flash),fwd,1.49136962890625,368.62478840418885,True
dense,4096,FA2 (SDPA flash),fwd+bwd,5.695542526245117,337.83354961209034,True
dense,4096,cuDNN (SDPA),fwd,0.5107744216918946,1076.3182151271064,True
dense,4096,cuDNN (SDPA),fwd+bwd,2.2323808670043945,861.9252104547858,True
dense,4096,mem-efficient (SDPA),fwd,3.6410591125488283,150.98788481441537,True
dense,4096,mem-efficient (SDPA),fwd+bwd,15.45452423095703,124.50369353679199,True
dense,4096,flex,fwd,1.3392736434936523,410.4880407068249,True
dense,4096,flex,fwd+bwd,4.655523300170898,413.30377372128436,True
dense,4096,FA4,fwd,0.495739221572876,1108.9617080200771,True
dense,4096,FA4,fwd+bwd,2.2137680053710938,869.1720830455564,True
dense,8192,KohakuFA,fwd,1.1150272369384766,986.084995371882,True
dense,8192,KohakuFA,fwd+bwd,4.315889739990235,891.6563974186948,True
dense,8192,FA2 (SDPA flash),fwd,2.9492496490478515,372.81063274211834,True
dense,8192,FA2 (SDPA flash),fwd+bwd,11.062191772460938,347.8777783256504,True
dense,8192,cuDNN (SDPA),fwd,1.0054191589355468,1093.5853151436565,True
dense,8192,cuDNN (SDPA),fwd+bwd,4.382515335083008,878.1009084918833,True
dense,8192,mem-efficient (SDPA),fwd,7.216225433349609,152.36658526417895,True
dense,8192,mem-efficient (SDPA),fwd+bwd,30.754312133789064,125.13011770430627,True
dense,8192,flex,fwd,2.563715171813965,428.8743304499138,True
dense,8192,flex,fwd+bwd,8.888015747070312,432.9752339249041,True
dense,8192,FA4,fwd,0.9717807769775391,1131.4399850506747,True
dense,8192,FA4,fwd+bwd,4.2750286102294925,900.1789340093833,True
dense,16384,KohakuFA,fwd,2.253379249572754,975.8780089809294,True
dense,16384,KohakuFA,fwd+bwd,8.471479797363282,908.5285662638934,True
dense,16384,FA2 (SDPA flash),fwd,5.860871887207031,375.2041160210266,True
dense,16384,FA2 (SDPA flash),fwd+bwd,21.7932373046875,353.1637492322696,True
dense,16384,cuDNN (SDPA),fwd,2.1339807510375977,1030.4794241854229,True
dense,16384,cuDNN (SDPA),fwd+bwd,8.51520004272461,903.8638382909116,True
dense,16384,mem-efficient (SDPA),fwd,14.3357421875,153.3944477230785,True
dense,16384,mem-efficient (SDPA),fwd+bwd,63.81912841796875,120.5999139321522,True
dense,16384,flex,fwd,5.0056304931640625,439.3099447821998,True
dense,16384,flex,fwd+bwd,17.33850555419922,443.90108307621483,True
dense,16384,FA4,fwd,2.066092872619629,1064.3390162630137,True
dense,16384,FA4,fwd+bwd,8.230712127685546,935.1051616230269,True
causal,256,KohakuFA,fwd,0.08256000280380249,208.90234329310914,True
causal,256,KohakuFA,fwd+bwd,0.4296448230743408,140.4984301592649,True
causal,256,FA2 (SDPA flash),fwd,0.13453439474105836,128.19753700305176,True
causal,256,FA2 (SDPA flash),fwd+bwd,0.5974800109863281,101.0317032503725,True
causal,256,cuDNN (SDPA),fwd,0.07563999891281128,228.01399122017767,True
causal,256,cuDNN (SDPA),fwd+bwd,0.3970623970031738,152.02754938165927,True
causal,256,mem-efficient (SDPA),fwd,0.19019999504089355,90.67812038739459,True
causal,256,mem-efficient (SDPA),fwd+bwd,0.8700415611267089,69.3810800139567,True
causal,256,flex,fwd,0.5300496101379395,32.53842228751318,True
causal,256,flex,fwd+bwd,1.5155407905578613,39.83028602336742,True
causal,256,FA4,fwd,0.09332000017166138,184.8154523818509,True
causal,256,FA4,fwd+bwd,0.4355631828308105,138.58936096407365,True
causal,512,KohakuFA,fwd,0.09620479941368103,357.8495817445076,True
causal,512,KohakuFA,fwd+bwd,0.5031551837921142,239.47674433934446,True
causal,512,FA2 (SDPA flash),fwd,0.20298240184783936,169.60508358654272,True
causal,512,FA2 (SDPA flash),fwd+bwd,0.7954448223114013,151.47997941814364,True
causal,512,cuDNN (SDPA),fwd,0.08847839832305908,389.0988974088124,True
causal,512,cuDNN (SDPA),fwd+bwd,0.4481088161468506,268.8944313751522,True
causal,512,mem-efficient (SDPA),fwd,0.30934240818023684,111.29042226871579,True
causal,512,mem-efficient (SDPA),fwd+bwd,1.398423957824707,86.16411685296939,True
causal,512,flex,fwd,0.581056022644043,59.24875724606336,True
causal,512,flex,fwd+bwd,1.6408575057983399,73.43353392126214,True
causal,512,FA4,fwd,0.10607839822769165,324.5415448120229,True
causal,512,FA4,fwd+bwd,0.4898928165435791,245.95985334535172,True
causal,1024,KohakuFA,fwd,0.12412799596786499,554.1585124584457,True
causal,1024,KohakuFA,fwd+bwd,0.6008319854736328,400.69945578915144,True
causal,1024,FA2 (SDPA flash),fwd,0.2809231996536255,244.85904220375153,True
causal,1024,FA2 (SDPA flash),fwd+bwd,1.1345439910888673,212.20248090066534,True
causal,1024,cuDNN (SDPA),fwd,0.1154528021812439,595.798320182954,True
causal,1024,cuDNN (SDPA),fwd+bwd,0.5617968082427979,428.5411488061554,True
causal,1024,mem-efficient (SDPA),fwd,0.5456495761871338,126.06366540346991,True
causal,1024,mem-efficient (SDPA),fwd+bwd,2.4455360412597655,98.44592168675675,True
causal,1024,flex,fwd,0.6664095878601074,103.21968178891157,True
causal,1024,flex,fwd+bwd,1.8872655868530273,127.5671274234647,True
causal,1024,FA4,fwd,0.1310256004333496,524.9858453042581,True
causal,1024,FA4,fwd+bwd,0.5983983993530273,402.3290334003164,True
causal,2048,KohakuFA,fwd,0.18389919996261597,747.7251796851372,True
causal,2048,KohakuFA,fwd+bwd,0.8135647773742676,591.5585722986614,True
causal,2048,FA2 (SDPA flash),fwd,0.4524400234222412,303.9210839392783,True
causal,2048,FA2 (SDPA flash),fwd+bwd,1.8293872833251954,263.0778198595624,True
causal,2048,cuDNN (SDPA),fwd,0.16966400146484376,810.4610356280721,True
causal,2048,cuDNN (SDPA),fwd+bwd,0.7840288162231446,613.8437876485194,True
causal,2048,mem-efficient (SDPA),fwd,1.0147472381591798,135.50769804059314,True
causal,2048,mem-efficient (SDPA),fwd+bwd,4.510779190063476,106.69358837962261,True
causal,2048,flex,fwd,0.8572192192077637,160.40944866248122,True
causal,2048,flex,fwd+bwd,2.4432655334472657,196.97867938936713,True
causal,2048,FA4,fwd,0.17934720516204833,766.7031232059459,True
causal,2048,FA4,fwd+bwd,0.8162591934204102,589.6058777106155,True
causal,4096,KohakuFA,fwd,0.3142096042633057,875.0369564693439,True
causal,4096,KohakuFA,fwd+bwd,1.3500960350036622,712.7697070270929,True
causal,4096,FA2 (SDPA flash),fwd,0.8301119804382324,331.214369009409,True
causal,4096,FA2 (SDPA flash),fwd+bwd,3.2489391326904298,296.19131538826895,True
causal,4096,cuDNN (SDPA),fwd,0.2792543888092041,984.5682890801461,True
causal,4096,cuDNN (SDPA),fwd+bwd,1.2414992332458497,775.1173174808057,True
causal,4096,mem-efficient (SDPA),fwd,1.9543535232543945,140.6833577121507,True
causal,4096,mem-efficient (SDPA),fwd+bwd,8.64688949584961,111.28944758573526,True
causal,4096,flex,fwd,1.2884544372558593,213.3913376041266,True
causal,4096,flex,fwd+bwd,3.658488082885742,263.0342189249257,True
causal,4096,FA4,fwd,0.2763871908187866,994.7820483050816,True
causal,4096,FA4,fwd+bwd,1.307356834411621,736.0710786822701,True
causal,8192,KohakuFA,fwd,0.5812895774841309,945.867505713209,True
causal,8192,KohakuFA,fwd+bwd,2.3858112335205077,806.5936661687945,True
causal,8192,FA2 (SDPA flash),fwd,1.5943455696105957,344.8580616599256,True
causal,8192,FA2 (SDPA flash),fwd+bwd,6.083019256591797,316.3528090999657,True
causal,8192,cuDNN (SDPA),fwd,0.4948895931243896,1111.001181659124,True
causal,8192,cuDNN (SDPA),fwd+bwd,2.224847984313965,864.9490856002844,True
causal,8192,mem-efficient (SDPA),fwd,3.824649429321289,143.75773071822948,True
causal,8192,mem-efficient (SDPA),fwd+bwd,16.956692504882813,113.48794755096607,True
causal,8192,flex,fwd,2.2984800338745117,239.21152877067723,True
causal,8192,flex,fwd+bwd,6.286873626708984,306.09494382971445,True
causal,8192,FA4,fwd,0.4674272060394287,1176.2749699802903,True
causal,8192,FA4,fwd+bwd,2.286751937866211,841.5343167600665,True
causal,16384,KohakuFA,fwd,1.0955583572387695,1003.6697081215859,True
causal,16384,KohakuFA,fwd+bwd,4.521451187133789,851.1704359855389,True
causal,16384,FA2 (SDPA flash),fwd,3.1336559295654296,350.8932573821172,True
causal,16384,FA2 (SDPA flash),fwd+bwd,11.708760070800782,328.68771372618903,True
causal,16384,cuDNN (SDPA),fwd,0.9553647994995117,1150.951696374032,True
causal,16384,cuDNN (SDPA),fwd+bwd,4.31182861328125,892.5506840382782,True
causal,16384,mem-efficient (SDPA),fwd,7.562334442138672,145.40202434223903,True
causal,16384,mem-efficient (SDPA),fwd+bwd,33.617190551757815,114.48088061715686,True
causal,16384,flex,fwd,4.950804901123047,222.1010034935067,True
causal,16384,flex,fwd+bwd,12.170667266845703,316.2131947131466,True
causal,16384,FA4,fwd,0.8747952461242676,1256.9555464683003,True
causal,16384,FA4,fwd+bwd,4.247048187255859,906.1648016587831,True
block,256,KohakuFA,fwd,0.05985599756240845,574.0400255158232,True
block,256,KohakuFA,fwd+bwd,0.35746719837188723,336.41991443055355,True
block,256,cuDNN (SDPA),fwd,0.13694560527801514,250.90062801391713,True
block,256,cuDNN (SDPA),fwd+bwd,0.5631616115570068,213.54275898797943,True
block,256,mem-efficient (SDPA),fwd,0.38996479511260984,88.10984683393782,True
block,256,mem-efficient (SDPA),fwd+bwd,1.3782896041870116,87.25240611455907,True
block,256,flex,fwd,0.6388016223907471,53.78780698678715,True
block,256,flex,fwd+bwd,1.3682656288146973,87.89162115559256,True
block,512,KohakuFA,fwd,0.07381280064582825,698.2475546389244,True
block,512,KohakuFA,fwd+bwd,0.449294376373291,401.49317667427516,True
block,512,cuDNN (SDPA),fwd,0.23986880779266356,214.86581780382846,True
block,512,cuDNN (SDPA),fwd+bwd,0.8649248123168946,208.5598931412185,True
block,512,mem-efficient (SDPA),fwd,0.7276159763336182,70.83352926320113,True
block,512,mem-efficient (SDPA),fwd+bwd,2.5053647994995116,72.00094232506005,True
block,512,flex,fwd,0.6705664157867431,76.85981036126164,True
block,512,flex,fwd+bwd,1.4705039978027343,122.67129276869795,True
block,1024,KohakuFA,fwd,0.10261600017547608,837.0950511919178,True
block,1024,KohakuFA,fwd+bwd,0.5578224182128906,538.9667050011946,True
block,1024,cuDNN (SDPA),fwd,0.444536018371582,193.2337141873571,True
block,1024,cuDNN (SDPA),fwd+bwd,1.4521583557128905,207.0350726814547,True
block,1024,mem-efficient (SDPA),fwd,1.3964847564697265,61.511123212795454,True
block,1024,mem-efficient (SDPA),fwd+bwd,4.749345779418945,63.30297364804263,True
block,1024,flex,fwd,0.7604976177215577,112.95149901633286,True
block,1024,flex,fwd+bwd,1.7474191665649415,172.05242821675705,True
block,2048,KohakuFA,fwd,0.17106239795684813,903.8738174066976,True
block,2048,KohakuFA,fwd+bwd,0.7868544101715088,687.7585895185404,True
block,2048,cuDNN (SDPA),fwd,0.8611136436462402,179.55681436110189,True
block,2048,cuDNN (SDPA),fwd+bwd,2.6465375900268553,204.480707674554,True
block,2048,mem-efficient (SDPA),fwd,2.7352527618408202,56.52816617647497,True
block,2048,mem-efficient (SDPA),fwd+bwd,9.247811126708985,58.51826685052385,True
block,2048,flex,fwd,0.961087989807129,160.8789458361964,True
block,2048,flex,fwd+bwd,2.3368560791015627,231.57860859966132,True
block,4096,KohakuFA,fwd,0.30828959941864015,947.3487807527421,True
block,4096,KohakuFA,fwd+bwd,1.3389599800109864,763.4299991846004,True
block,4096,cuDNN (SDPA),fwd,1.7112464904785156,170.6696129125921,True
block,4096,cuDNN (SDPA),fwd+bwd,5.0898895263671875,200.82994162303115,True
block,4096,mem-efficient (SDPA),fwd,5.41638412475586,53.921171283464744,True
block,4096,mem-efficient (SDPA),fwd+bwd,18.39087677001953,55.582027394929604,True
block,4096,flex,fwd,1.3988127708435059,208.7897552950454,True
block,4096,flex,fwd+bwd,3.563657760620117,286.84073643203186,True
block,8192,KohakuFA,fwd,0.5843232154846192,970.2432969427741,True
block,8192,KohakuFA,fwd+bwd,2.4265743255615235,817.7268134133197,True
block,8192,cuDNN (SDPA),fwd,3.6281902313232424,156.25853302218724,True
block,8192,cuDNN (SDPA),fwd+bwd,12.313772583007813,161.14272676191595,True
block,8192,mem-efficient (SDPA),fwd,11.183348846435546,50.69462563109606,True
block,8192,mem-efficient (SDPA),fwd+bwd,37.85374450683594,52.41951401647104,True
block,8192,flex,fwd,2.4133392333984376,234.9175263991575,True
block,8192,flex,fwd+bwd,6.163859176635742,321.92086708817783,True
block,16384,KohakuFA,fwd,1.1232352256774902,994.1742134079321,True
block,16384,KohakuFA,fwd+bwd,4.5920654296875,851.1246843505836,True
block,16384,cuDNN (SDPA),fwd,7.828076934814453,142.65208508537336,True
block,16384,cuDNN (SDPA),fwd+bwd,25.807577514648436,151.44467694193972,True
block,16384,mem-efficient (SDPA),fwd,23.084983825683594,48.373068198454,True
block,16384,mem-efficient (SDPA),fwd+bwd,78.68330078125,49.67280478263014,True
block,16384,flex,fwd,5.066030502319336,220.42731413653254,True
block,16384,flex,fwd+bwd,12.019660949707031,325.1689257886483,True
