kind,dim,seq,causal,legal,timed_shortlist,default_ms,planner_top1_ms,tuned_ms,sweep_best_ms
forward,64,1024,0,960,15,0.146,0.146,0.146,0.146
forward,64,4096,0,960,15,0.519,0.519,0.519,0.519
forward,64,4096,1,960,15,0.319,0.319,0.319,0.319
forward,64,16384,0,960,15,2.002,2.002,2.002,2.002
forward,128,4096,0,1011,16,0.844,0.816,0.816,0.816
forward,128,4096,1,1011,16,0.507,0.583,0.507,0.507
forward,256,4096,0,589,16,1.68,1.435,1.435,1.435
forward,512,4096,0,192,14,10.067,5.72,5.123,5.123
backward,64,4096,0,20,20,1.388,1.425,1.388,1.388
backward,256,4096,0,12,12,7.888,7.838,7.838,7.838
