step,attention,group,norm_ratio,cos,rel_err,max_abs_err
50000,cuDNN (SDPA),enc.other,1.027767661817425,0.9827070786323275,0.1905708628382051,0.0009706758967420622
50000,cuDNN (SDPA),enc.trunk.norm+ls,1.0576809616088267,0.9849891741087194,0.18729768513941408,0.0016613476187515939
50000,cuDNN (SDPA),enc.trunk.attn,1.0439772192667809,0.9443556462754512,0.34368135118586446,0.0009090536514817101
50000,cuDNN (SDPA),enc.trunk.mlp,0.9980222588013584,0.9838100204401369,0.17977717152300937,0.00034191181068264203
50000,cuDNN (SDPA),enc.tt3d,0.9988207049314246,0.9766680846828585,0.2158939344812494,0.00011409760543988346
50000,cuDNN (SDPA),readouts,1.001549316021527,0.9984938978504494,0.05494789837306338,5.090908993273644e-06
50000,cuDNN (SDPA),dec.self_attn,1.00370087482473,0.99836897869502,0.05733944101402681,0.0001236542671867963
50000,cuDNN (SDPA),dec.mlp,1.0024058750008384,0.99816038960581,0.060777140178006464,0.0003843861661664205
100000,cuDNN (SDPA),enc.other,1.0002960608353393,0.9862257252417272,0.16600238918505308,0.00018587986779159142
100000,cuDNN (SDPA),enc.trunk.norm+ls,1.0161208166801154,0.9896027275546163,0.14625201081466035,0.0009846398017194554
100000,cuDNN (SDPA),enc.trunk.attn,1.0937612294223626,0.9474356019040584,0.3518195126955293,0.002471394850982499
100000,cuDNN (SDPA),enc.trunk.mlp,0.9902297121578042,0.9859973793246317,0.1668145095792613,0.0003021839963436875
100000,cuDNN (SDPA),enc.tt3d,0.9858582689690815,0.9773764500721175,0.21167715062383766,0.0001852151771636407
100000,cuDNN (SDPA),readouts,1.0046131272730943,0.9939122706919012,0.11069284755412027,2.2642825967707063e-05
100000,cuDNN (SDPA),dec.self_attn,0.9970198705345367,0.998313344559629,0.05807012268990875,0.00011595762352711056
100000,cuDNN (SDPA),dec.mlp,0.9976037864541983,0.9980735534964794,0.062043553186322736,0.00023485886639001432
150000,cuDNN (SDPA),enc.other,2.915943386582203,0.37865944626143844,2.700819656616607,0.006406434502736448
150000,cuDNN (SDPA),enc.trunk.norm+ls,3.730768098836178,0.2552047235159616,3.6075492131033218,0.012873364521193118
150000,cuDNN (SDPA),enc.trunk.attn,2.389175220238202,0.3942348418195305,2.1964439448665116,0.0027999877898191848
150000,cuDNN (SDPA),enc.trunk.mlp,1.00834389818277,0.9840810421652556,0.17936886193838514,0.00033030870843152874
150000,cuDNN (SDPA),enc.tt3d,1.0007520608438476,0.9762252763730009,0.21814163501481657,8.302863818689706e-05
150000,cuDNN (SDPA),readouts,1.0488066314373516,0.9889996303763628,0.15955127229616978,3.610386633782876e-05
150000,cuDNN (SDPA),dec.self_attn,1.0005603691111349,0.9978596426101021,0.0654478996887786,0.00012176203520990929
150000,cuDNN (SDPA),dec.mlp,0.9994179273620647,0.9976951716323545,0.06787718607007265,0.0003226825903727753
200000,cuDNN (SDPA),enc.other,34.03045197625561,0.014876853255893906,34.03026784537075,0.2217064430413045
200000,cuDNN (SDPA),enc.trunk.norm+ls,13.531068206938414,0.07479608006903354,13.493171054232144,0.09435989987093782
200000,cuDNN (SDPA),enc.trunk.attn,5.344954038879921,0.2524632227759633,5.183601550394159,0.00879525143091316
200000,cuDNN (SDPA),enc.trunk.mlp,0.9882729138456144,0.9764836856776369,0.21591340279430254,0.0009215552652278556
200000,cuDNN (SDPA),enc.tt3d,1.0045011189754327,0.9761247989687041,0.21905613978026492,0.00019804006680753706
200000,cuDNN (SDPA),readouts,0.9990200471284095,0.9827810733126364,0.18548602699139322,3.1264439672713064e-05
200000,cuDNN (SDPA),dec.self_attn,1.0003853531097837,0.9978515965115327,0.06556379535905989,9.801726456055027e-05
200000,cuDNN (SDPA),dec.mlp,1.0005536456088941,0.9976817841812928,0.06811244453763027,0.00043890092302419667
50000,KohakuFA,enc.other,1.0117999072078447,0.9838295289488969,0.18127823925706185,0.0014966453868160586
50000,KohakuFA,enc.trunk.norm+ls,1.0234934211547133,0.9885431204157173,0.1549323161916286,0.0009843728414644275
50000,KohakuFA,enc.trunk.attn,1.063285754636045,0.9356231090472362,0.3753760100159797,0.0018805089725306046
50000,KohakuFA,enc.trunk.mlp,0.9986851590668276,0.9856268026035798,0.1694412189019117,0.0004062988196475786
50000,KohakuFA,enc.tt3d,0.9958583061239955,0.9794165618327813,0.2025179729381856,0.00012141408269989768
50000,KohakuFA,readouts,0.9955297126038509,0.9968043335968035,0.07989208459733955,9.394303081221631e-06
50000,KohakuFA,dec.self_attn,1.005190287703576,0.9979758118648461,0.06400255927952385,0.00015488917250606657
50000,KohakuFA,dec.mlp,1.005066030957889,0.9976325250907497,0.06917081675483688,0.0006881449791621844
100000,KohakuFA,enc.other,0.9954909992611752,0.988201318988185,0.15333392510626528,0.0009130445474653775
100000,KohakuFA,enc.trunk.norm+ls,0.9997835653319244,0.9794623387724691,0.20264865944596208,0.0011489152925950852
100000,KohakuFA,enc.trunk.attn,1.0823721871169008,0.9397625858230808,0.37038328886209027,0.0007194672130637868
100000,KohakuFA,enc.trunk.mlp,0.9951833824952302,0.9868949615747671,0.16157670853094463,0.0004479882372421402
100000,KohakuFA,enc.tt3d,0.9898395781476595,0.980687709314985,0.19579421212502307,0.000113582826795672
100000,KohakuFA,readouts,0.9931207457876083,0.9916248538564484,0.12916031475204295,1.6546529985679685e-05
100000,KohakuFA,dec.self_attn,0.9991823718951097,0.9978774179497213,0.06513341424182335,0.0001228956725369269
100000,KohakuFA,dec.mlp,0.9988847986920191,0.9975857344588343,0.0694578287316136,0.0003177861135509523
150000,KohakuFA,enc.other,1.001485700272893,0.9862601178197175,0.16589996491643832,0.0015272747157484175
150000,KohakuFA,enc.trunk.norm+ls,0.9911908391639108,0.9727596603273301,0.2325475254505263,0.0017734780959103363
150000,KohakuFA,enc.trunk.attn,1.036892160425956,0.9222458802995693,0.40324472199557726,0.0012612006349682586
150000,KohakuFA,enc.trunk.mlp,1.0085071933699281,0.9846648515556996,0.17607835577940592,0.00046373869911916165
150000,KohakuFA,enc.tt3d,0.9988070705469607,0.9795553907369163,0.2020937001832452,0.00022594087355572536
150000,KohakuFA,readouts,0.9770573863466049,0.9868057077406024,0.16220211139368526,2.7196392859482076e-05
150000,KohakuFA,dec.self_attn,1.0011572053222555,0.9973450037839042,0.07292102788533163,0.00014249873591106968
150000,KohakuFA,dec.mlp,0.9998156653494041,0.9970119160907033,0.07729877219626714,0.0007231015683412841
200000,KohakuFA,enc.other,0.9455752676917522,0.9629094893928205,0.2703808249104208,0.001985470895838671
200000,KohakuFA,enc.trunk.norm+ls,1.0141718265045836,0.9838573991878513,0.1815036709459583,0.002854170582981588
200000,KohakuFA,enc.trunk.attn,0.8787574993761534,0.9091923155587577,0.4174872589253155,0.0034273116778008664
200000,KohakuFA,enc.trunk.mlp,0.9901868881929337,0.9799939869653482,0.19928793427399544,0.0006872497933799378
200000,KohakuFA,enc.tt3d,0.9932300298994035,0.9776621741243234,0.21075822977984693,0.00015556242844989268
200000,KohakuFA,readouts,0.9563727143477382,0.9865608048261705,0.16615986033778699,3.3522751820163324e-05
200000,KohakuFA,dec.self_attn,0.9986078559172822,0.9971561627203703,0.07537701613837387,0.00015509166425665857
200000,KohakuFA,dec.mlp,0.9990666357829507,0.9967463052852437,0.08063613851019057,0.0006306791668877418
