step,max_logit,kernel,tensor,cos,norm_ratio,rel_err,max_abs_err,max_rel_err
0,105588.08389031887,KohakuFA,out,0.9999999906803557,1.0000002859685329,0.00013652609991310675,0.015594724748360989,0.00045288907871704123
0,105588.08389031887,KohakuFA,dq,0.9998514157672056,0.9991033147123014,0.017254160179614664,5.155351536876452,0.024841434029761127
0,105588.08389031887,KohakuFA,dk,0.9999988700319625,0.9998973416966462,0.0015067324916854727,1.1147672760934029,0.0006225986638833944
0,105588.08389031887,KohakuFA,dv,0.9999999835335147,1.000110904279578,0.00021268846264610455,0.10990596440097988,0.0002766757760044935
0,105588.08389031887,FA2 (SDPA flash),out,0.999999990678508,1.0000003175594705,0.00013653970348780526,0.015594724748360989,0.00045288907871704123
0,105588.08389031887,FA2 (SDPA flash),dq,0.9998588193735207,0.998798835566488,0.016836415493215,5.155351536876452,0.024841434029761127
0,105588.08389031887,FA2 (SDPA flash),dk,0.9999989055963504,0.9998684190610891,0.0014852046448356748,1.086580484808021,0.0006068563121210266
0,105588.08389031887,FA2 (SDPA flash),dv,0.9999999784425632,1.0001096399460512,0.00023482018314844707,0.10990596440097988,0.0002766757760044935
0,105588.08389031887,cuDNN (SDPA),out,0.9999999838336507,0.9999977325852836,0.00017982704736936543,0.01648589522826427,0.0004787697136199201
0,105588.08389031887,cuDNN (SDPA),dq,0.9987858332312965,1.0082869471438214,0.05017101256745493,7.094648463123548,0.03418607644898094
0,105588.08389031887,cuDNN (SDPA),dk,0.9999351711356761,0.9993298819921562,0.011402626926006644,7.9140625,0.004420012000762062
0,105588.08389031887,cuDNN (SDPA),dv,0.999999950947686,0.9999941165390533,0.0003132709157184501,0.14927815322789684,0.00037579078724209636
0,105588.08389031887,mem-efficient (SDPA),out,0.9999999906712819,1.000000244690593,0.00013659246275880078,0.015594724748360989,0.00045288907871704123
0,105588.08389031887,mem-efficient (SDPA),dq,0.9998514092826313,0.9990503765400485,0.017256911919311467,5.155351536876452,0.024841434029761127
0,105588.08389031887,mem-efficient (SDPA),dk,0.9999988827566061,0.9999006001691082,0.0014980470642489661,1.1147672760934029,0.0006225986638833944
0,105588.08389031887,mem-efficient (SDPA),dv,0.9999999588141759,1.0001118525338886,0.0003080452095939203,0.14773683800285475,0.0003719107013133635
0,105588.08389031887,FA4,out,0.9999999837751228,0.9999936080189997,0.00018025094922105242,0.015594724748360989,0.00045288907871704123
0,105588.08389031887,FA4,dq,0.9987962600021473,1.0001495319653926,0.04906997402414347,5.7890625,0.027895016112721858
0,105588.08389031887,FA4,dk,0.9999420372077924,1.0002433005616762,0.010770932380175001,7.58203125,0.0042345722080351245
0,105588.08389031887,FA4,dv,0.9999998690095311,1.0002441350256415,0.0005671391423186218,0.26953125,0.0006785142931746685
0,105588.08389031887,KohakuFA (pre-fix),out,0.9999999839150212,0.9999939260917202,0.00017946212637417645,0.015594724748360989,0.00045288907871704123
0,105588.08389031887,KohakuFA (pre-fix),dq,nan,nan,inf,inf,inf
0,105588.08389031887,KohakuFA (pre-fix),dk,0.9999420700399737,1.0000047984532543,0.010763851495933901,7.578125,0.004232390563414808
0,105588.08389031887,KohakuFA (pre-fix),dv,0.9999999504842654,0.9999931647747887,0.00031476580556483706,0.14927815322789684,0.00037579078724209636
50000,87801.21388889849,KohakuFA,out,0.9999999924326088,0.9999996419462158,0.0001230240028343725,0.007794614861150961,0.00027485143312047465
50000,87801.21388889849,KohakuFA,dq,0.9999995215160823,1.000241735247712,0.0010077872287917553,0.04484788604763423,0.0008625829822297428
50000,87801.21388889849,KohakuFA,dk,0.9999999753481241,0.9999479504542544,0.00022805775616057436,0.009923596820442526,0.0001500507792363976
50000,87801.21388889849,KohakuFA,dv,0.9999999930028968,0.9999861747421115,0.00011910142835220602,0.0012829624969032949,0.0003428375774605882
50000,87801.21388889849,FA2 (SDPA flash),out,0.9999999924392274,0.9999997873406055,0.0001229698628965502,0.007794614861150961,0.00027485143312047465
50000,87801.21388889849,FA2 (SDPA flash),dq,0.9999998119553731,0.9999282973964282,0.0006174168369276438,0.029222886047634233,0.0005620591385189265
50000,87801.21388889849,FA2 (SDPA flash),dk,0.9999999778186067,0.9999580320107606,0.00021476088230778714,0.009923596820442526,0.0001500507792363976
50000,87801.21388889849,FA2 (SDPA flash),dv,0.999999992952867,0.9999865603083775,0.00011947678402187213,0.0012829624969032949,0.0003428375774605882
50000,87801.21388889849,cuDNN (SDPA),out,0.9999999867560511,0.9999975463067824,0.0001627693273611713,0.015625,0.0005509641873278236
50000,87801.21388889849,cuDNN (SDPA),dq,0.9999880442558055,0.9999626184891032,0.004889988948808804,0.029222886047634233,0.0005620591385189265
50000,87801.21388889849,cuDNN (SDPA),dk,0.9999922661485086,0.9999806722920513,0.003932909557471257,0.050689697265625,0.0007664588466850819
50000,87801.21388889849,cuDNN (SDPA),dv,0.9999999629649536,0.9999808860153887,0.00027282598996025275,0.001953125,0.0005219206680584551
50000,87801.21388889849,mem-efficient (SDPA),out,0.9999999924319625,0.9999995436352369,0.00012302957559183142,0.007794614861150961,0.00027485143312047465
50000,87801.21388889849,mem-efficient (SDPA),dq,0.9999995226094662,1.0002412472163413,0.0010065841366459934,0.04484788604763423,0.0008625829822297428
50000,87801.21388889849,mem-efficient (SDPA),dk,0.9999999752359208,0.9999483735263981,0.0002284532643572909,0.009923596820442526,0.0001500507792363976
50000,87801.21388889849,mem-efficient (SDPA),dv,0.99999986482813,1.000011356695819,0.0005200728644339486,0.005859375,0.0015657620041753654
50000,87801.21388889849,FA4,out,0.9999999855923024,0.9999936751091267,0.00016986823486458033,0.015625,0.0005509641873278236
50000,87801.21388889849,FA4,dq,0.9999882596479891,1.0000660274267976,0.004846299001625818,0.02569580078125,0.0004942208523525534
50000,87801.21388889849,FA4,dk,0.9999923174101923,0.999891583110571,0.0039211309582948,0.05059814453125,0.0007650745140300215
50000,87801.21388889849,FA4,dv,0.9999996974386437,1.0001130440141524,0.0007861107220197569,0.008544921875,0.002283402922755741
50000,87801.21388889849,KohakuFA (pre-fix),out,0.9999999868441962,0.9999936068364079,0.00016233395109781725,0.015625,0.0005509641873278236
50000,87801.21388889849,KohakuFA (pre-fix),dq,0.9999878923359307,1.0002529422330348,0.00492802526277535,0.04484788604763423,0.0008625829822297428
50000,87801.21388889849,KohakuFA (pre-fix),dk,0.9999923049748202,0.9999560655967188,0.00392317530041534,0.0506591796875,0.0007659974024667284
50000,87801.21388889849,KohakuFA (pre-fix),dv,0.9999999637499192,0.9999834150949238,0.0002697665995094929,0.001953125,0.0005219206680584551
100000,50138.95018787775,KohakuFA,out,0.9999999937393357,0.9999995901431359,0.00011189947085636286,0.00783115093461717,0.00034025367265139096
100000,50138.95018787775,KohakuFA,dq,0.9999990176695737,1.0000603490165052,0.0014030044268975499,0.002892822968991293,0.0020445136077751926
100000,50138.95018787775,KohakuFA,dk,0.999999782660044,1.0001433039768062,0.0006747430867794619,0.0030798805062186574,0.0004976919965632967
100000,50138.95018787775,KohakuFA,dv,0.9999999961217576,0.9999986625683857,8.808100256480518e-05,7.510361097667895e-05,0.00010172764238111011
100000,50138.95018787775,FA2 (SDPA flash),out,0.9999999937434306,0.9999997819458633,0.00011186234396018455,0.00783115093461717,0.00034025367265139096
100000,50138.95018787775,FA2 (SDPA flash),dq,0.999999182517598,1.0000426316827882,0.0012793951561808072,0.0013853409800857475,0.0009790949932140343
100000,50138.95018787775,FA2 (SDPA flash),dk,0.9999997905216307,1.0000827350567438,0.0006525614842225684,0.0030798805062186574,0.0004976919965632967
100000,50138.95018787775,FA2 (SDPA flash),dv,0.99999999268829,1.0000025866848785,0.00012095515221245448,0.000450266473106975,0.0006098847466422518
100000,50138.95018787775,cuDNN (SDPA),out,0.9999999870588036,0.9999980537436177,0.00016089167339722056,0.00957626334581363,0.0004160766151609452
100000,50138.95018787775,cuDNN (SDPA),dq,0.9997587005141386,1.0002999508217782,0.021973477152607515,0.0207061767578125,0.014634168976163674
100000,50138.95018787775,cuDNN (SDPA),dk,0.9998997710354629,1.0001965456425577,0.014161071936697594,0.02593994140625,0.004191753934331027
100000,50138.95018787775,cuDNN (SDPA),dv,0.999999976385006,0.9999735059899291,0.0002189307406122054,0.00031270509380101896,0.00042355822229132726
100000,50138.95018787775,mem-efficient (SDPA),out,0.9999999937371568,0.9999995375064593,0.00011191914358091061,0.00783115093461717,0.00034025367265139096
100000,50138.95018787775,mem-efficient (SDPA),dq,0.9999990039316206,1.0000607942491835,0.0014127822938047544,0.002892822968991293,0.0020445136077751926
100000,50138.95018787775,mem-efficient (SDPA),dk,0.9999998002896558,1.000149575056628,0.0006495022165288969,0.0030798805062186574,0.0004976919965632967
100000,50138.95018787775,mem-efficient (SDPA),dv,0.9999999613568169,1.0000252277059702,0.0002791500543608093,0.00045525392486604754,0.0006166402368555988
100000,50138.95018787775,FA4,out,0.999999986045088,0.9999932381870935,0.00016719855607663214,0.00783115093461717,0.00034025367265139096
100000,50138.95018787775,FA4,dq,0.9997585948052304,1.000245110767823,0.0219770064124479,0.02069091796875,0.014623384769106811
100000,50138.95018787775,FA4,dk,0.9999004406666213,1.0001205402596267,0.014112306633846881,0.0258941650390625,0.004184356721505737
100000,50138.95018787775,FA4,dv,0.9999998869142434,1.000108695413602,0.0004878634952117556,0.000938547723106975,0.0012712604080179133
100000,50138.95018787775,KohakuFA (pre-fix),out,0.999999987211006,0.9999932809275516,0.00016007174040662405,0.00789930532390315,0.0003432148952680255
100000,50138.95018787775,KohakuFA (pre-fix),dq,0.9997585064644599,1.0002986623422487,0.02198227741442731,0.0207061767578125,0.014634168976163674
100000,50138.95018787775,KohakuFA (pre-fix),dk,0.9999004317186145,1.0002185305771483,0.014114809095874158,0.0259246826171875,0.004189288196722598
100000,50138.95018787775,KohakuFA (pre-fix),dv,0.9999999778286802,0.9999681211515418,0.0002129729731979097,0.00031270509380101896,0.00042355822229132726
150000,4503566.84375,KohakuFA,out,0.9999999813339425,0.9999981086548214,0.00019322427757477515,0.02238770686241054,0.00041963958089862556
150000,4503566.84375,KohakuFA,dq,0.9999975637926646,0.9999847072389356,0.0022073907735093694,0.010185909697963513,0.002905554091562779
150000,4503566.84375,KohakuFA,dk,0.9999994241424165,0.999859490718189,0.0010822643848792375,0.0030275770593028994,0.0004194556708087496
150000,4503566.84375,KohakuFA,dv,0.9999999706662385,0.9999989894555065,0.00024221578259456657,0.00012671438035615195,0.00037286070541580344
150000,4503566.84375,FA2 (SDPA flash),out,0.9999999813387696,0.999998247500217,0.00019319799731538096,0.02238770686241054,0.00041963958089862556
150000,4503566.84375,FA2 (SDPA flash),dq,0.9999978145344066,1.0000162271420814,0.002090757143941724,0.007901079892375845,0.002253801151766236
150000,4503566.84375,FA2 (SDPA flash),dk,0.9999991106106716,1.0000196011080331,0.001333865707955207,0.002077830648276907,0.00028787305205722676
150000,4503566.84375,FA2 (SDPA flash),dv,0.9999997096059423,1.0000051831649988,0.0007621141586697013,0.0005287498498204174,0.00155586162705778
150000,4503566.84375,cuDNN (SDPA),out,0.9999999760753089,0.9999999929633576,0.00021874501461890112,0.03125,0.0005857561466065248
150000,4503566.84375,cuDNN (SDPA),dq,0.7444142459760689,1.343352457856503,0.896980719992583,0.888671875,0.2534956895385846
150000,4503566.84375,cuDNN (SDPA),dk,0.7059272758872602,1.4166152633400766,1.0033663820699432,1.126953125,0.15613372335623804
150000,4503566.84375,cuDNN (SDPA),dv,0.9987402152777616,0.9982837172933605,0.05018157806745602,0.0306396484375,0.09015804597701149
150000,4503566.84375,mem-efficient (SDPA),out,0.9999999813281791,0.9999976764724451,0.00019325877450972865,0.02783565218699291,0.0005217569396266384
150000,4503566.84375,mem-efficient (SDPA),dq,0.9999974789892107,0.999980014067468,0.0022455111325197273,0.010185909697963513,0.002905554091562779
150000,4503566.84375,mem-efficient (SDPA),dk,0.9999989791727091,0.9998983867233715,0.001432400914960838,0.0030275770593028994,0.0004194556708087496
150000,4503566.84375,mem-efficient (SDPA),dv,0.9998025730662041,1.0005845135917841,0.019885329295320338,0.010986328125,0.032327586206896554
150000,4503566.84375,FA4,out,0.9999999749544669,0.9999991553194333,0.00022381183585418047,0.03125,0.0005857561466065248
150000,4503566.84375,FA4,dq,0.7438802862202214,1.3443133336004787,0.8984219299189349,0.91357421875,0.260599140179501
150000,4503566.84375,FA4,dk,0.7033057330905392,1.4218530658021833,1.0107775794649374,1.158203125,0.1604632546798079
150000,4503566.84375,FA4,dv,0.9885867414976559,1.0454724290035202,0.16103489056121326,0.140869140625,0.41451149425287354
150000,4503566.84375,KohakuFA (pre-fix),out,0.9999999761274232,0.9999985958910571,0.00021851100196184094,0.03125,0.0005857561466065248
150000,4503566.84375,KohakuFA (pre-fix),dq,0.7414681742452539,1.34864581106577,0.904925206432198,0.9140625,0.2607384235254013
150000,4503566.84375,KohakuFA (pre-fix),dk,0.7018634422895575,1.4246167271866983,1.014770919571043,1.1591796875,0.16059855253366948
150000,4503566.84375,KohakuFA (pre-fix),dv,0.9987403829572763,0.9982572683809758,0.050178489913976526,0.0306396484375,0.09015804597701149
200000,50906037.875,KohakuFA,out,0.9999999807579374,0.9999990597225918,0.00019617587393901728,0.04506343992125039,0.0003621884646171307
200000,50906037.875,KohakuFA,dq,0.9999975608398416,0.9999343514945671,0.0022095949377107967,0.07705812512267585,0.004523329204514955
200000,50906037.875,KohakuFA,dk,0.9999994067751032,0.9996481859407026,0.001144467350290654,0.06818332348573364,0.0013268881014710894
200000,50906037.875,KohakuFA,dv,0.9999999779257696,0.9999760977922241,0.00021146801542016854,0.0010983032117564129,0.0003046214758500993
200000,50906037.875,FA2 (SDPA flash),out,0.9999999807584776,0.9999994544235247,0.00019617166318043223,0.04506343992125039,0.0003621884646171307
200000,50906037.875,FA2 (SDPA flash),dq,0.9999974799814181,0.999899590564863,0.002247134431115622,0.057966147890030795,0.0034026258646546255
200000,50906037.875,FA2 (SDPA flash),dk,0.9999991794019877,0.9998618370474159,0.0012884324870712015,0.08380832348573364,0.001630959911491083
200000,50906037.875,FA2 (SDPA flash),dv,0.999999924999455,0.9999787992877707,0.0003878754703871329,0.0010983032117564129,0.0003046214758500993
200000,50906037.875,cuDNN (SDPA),out,0.999999977287691,0.9999990682661748,0.00021313245684863164,0.04506343992125039,0.0003621884646171307
200000,50906037.875,cuDNN (SDPA),dq,0.5320207397425568,1.879525090072941,1.5914527660735314,13.328125,0.7823639227913828
200000,50906037.875,cuDNN (SDPA),dk,0.589919427774701,1.6948574426548568,1.368533187562972,13.4609375,0.26195786433222457
200000,50906037.875,cuDNN (SDPA),dv,0.5796239330493497,3.8688651214248,3.3886787530750024,27.27734375,7.5655471289274105
200000,50906037.875,mem-efficient (SDPA),out,0.9999999807703011,0.9999986266547265,0.00019611535279119726,0.043812433230300485,0.00035213374634855845
200000,50906037.875,mem-efficient (SDPA),dq,0.9999968904747762,0.9999390712986679,0.002494470652328929,0.07705812512267585,0.004523329204514955
200000,50906037.875,mem-efficient (SDPA),dk,0.9999990780122654,0.9996472530985016,0.0014027670472010025,0.06818332348573364,0.0013268881014710894
200000,50906037.875,mem-efficient (SDPA),dv,0.35448975593851517,3.307835981442093,3.09783649352752,6.82421875,1.8927410617551463
200000,50906037.875,FA4,out,0.9999999771586334,0.9999987158516902,0.00021373891521038214,0.05029807167093736,0.000404260779548445
200000,50906037.875,FA4,dq,0.17320155317799432,5.772871704301745,5.685622835130996,83.1875,4.883124882697916
200000,50906037.875,FA4,dk,0.15773912915436247,6.338635329147802,6.259280805510084,85.75,1.6687460933897251
200000,50906037.875,FA4,dv,0.3274196437367158,4.233436394390301,4.018676801296879,9.73046875,2.6988082340195017
200000,50906037.875,KohakuFA (pre-fix),out,0.9999999773823639,0.9999988889859335,0.00021268863767380655,0.04506343992125039,0.0003621884646171307
200000,50906037.875,KohakuFA (pre-fix),dq,0.5512915263638479,1.8138148650073673,1.5132887475888392,13.328125,0.7823639227913828
200000,50906037.875,KohakuFA (pre-fix),dk,0.6219308994932374,1.607312146209003,1.258641393580653,13.46875,0.2621099002372345
200000,50906037.875,KohakuFA (pre-fix),dv,0.5796208421810473,3.868861509587015,3.388678776075801,27.27734375,7.5655471289274105
